Time (ms),Device,Android Version,AP MAC Address,Status,Distance (mm),Std Dev (mm),Attempted Measurements,Successful Measurements,Real Distance (mm)
0,XiaomiPOCO F2 Pro,12,90:ca:fa:8b:13:b4,0,2692,631,8,7,1000
59,XiaomiPOCO F2 Pro,12,90:ca:fa:8b:13:b4,0,4794,78,8,7,1000
197,XiaomiPOCO F2 Pro,12,90:ca:fa:8b:13:b4,0,2443,416,8,7,1000
305,XiaomiPOCO F2 Pro,12,90:ca:fa:8b:13:b4,0,2817,637,8,7,1000
414,XiaomiPOCO F2 Pro,12,90:ca:fa:8b:13:b4,0,2573,319,8,7,1000
511,XiaomiPOCO F2 Pro,12,90:ca:fa:8b:13:b4,0,2868,627,8,7,1000
617,XiaomiPOCO F2 Pro,12,90:ca:fa:8b:13:b4,0,3088,716,8,7,1000
726,XiaomiPOCO F2 Pro,12,90:ca:fa:8b:13:b4,0,2319,85,8,7,1000
846,XiaomiPOCO F2 Pro,12,90:ca:fa:8b:13:b4,0,2924,659,8,7,1000
955,XiaomiPOCO F2 Pro,12,90:ca:fa:8b:13:b4,0,3000,604,8,7,1000
1076,XiaomiPOCO F2 Pro,12,90:ca:fa:8b:13:b4,0,2846,781,8,7,1000
1190,XiaomiPOCO F2 Pro,12,90:ca:fa:8b:13:b4,0,2514,227,8,7,1000
1307,XiaomiPOCO F2 Pro,12,90:ca:fa:8b:13:b4,0,2871,516,8,7,1000
1427,XiaomiPOCO F2 Pro,12,90:ca:fa:8b:13:b4,0,2856,575,8,7,1000
1542,XiaomiPOCO F2 Pro,12,90:ca:fa:8b:13:b4,0,2514,524,8,7,1000
1656,XiaomiPOCO F2 Pro,12,90:ca:fa:8b:13:b4,0,3315,207,8,7,1000
1781,XiaomiPOCO F2 Pro,12,90:ca:fa:8b:13:b4,0,2553,592,8,7,1000
1888,XiaomiPOCO F2 Pro,12,90:ca:fa:8b:13:b4,0,2817,441,8,7,1000
2013,XiaomiPOCO F2 Pro,12,90:ca:fa:8b:13:b4,0,2861,572,8,7,1000
2123,XiaomiPOCO F2 Pro,12,90:ca:fa:8b:13:b4,0,2885,192,8,7,1000
2243,XiaomiPOCO F2 Pro,12,90:ca:fa:8b:13:b4,0,2890,474,8,7,1000
2357,XiaomiPOCO F2 Pro,12,90:ca:fa:8b:13:b4,0,2202,84,8,7,1000
2475,XiaomiPOCO F2 Pro,12,90:ca:fa:8b:13:b4,0,2885,83,8,7,1000
2590,XiaomiPOCO F2 Pro,12,90:ca:fa:8b:13:b4,0,3000,647,8,7,1000
2715,XiaomiPOCO F2 Pro,12,90:ca:fa:8b:13:b4,0,2573,194,8,7,1000
2824,XiaomiPOCO F2 Pro,12,90:ca:fa:8b:13:b4,0,2934,179,8,7,1000
2945,XiaomiPOCO F2 Pro,12,90:ca:fa:8b:13:b4,0,2585,557,8,7,1000
3057,XiaomiPOCO F2 Pro,12,90:ca:fa:8b:13:b4,0,2737,542,8,7,1000
3174,XiaomiPOCO F2 Pro,12,90:ca:fa:8b:13:b4,0,2929,659,8,7,1000
3300,XiaomiPOCO F2 Pro,12,90:ca:fa:8b:13:b4,0,2641,787,8,7,1000
3412,XiaomiPOCO F2 Pro,12,90:ca:fa:8b:13:b4,0,2571,691,8,7,1000
3522,XiaomiPOCO F2 Pro,12,90:ca:fa:8b:13:b4,0,2759,469,8,7,1000
3633,XiaomiPOCO F2 Pro,12,90:ca:fa:8b:13:b4,0,3178,678,8,7,1000
3746,XiaomiPOCO F2 Pro,12,90:ca:fa:8b:13:b4,0,2568,669,8,7,1000
3866,XiaomiPOCO F2 Pro,12,90:ca:fa:8b:13:b4,0,4165,146,8,7,1000
3986,XiaomiPOCO F2 Pro,12,90:ca:fa:8b:13:b4,0,2517,343,8,7,1000
4099,XiaomiPOCO F2 Pro,12,90:ca:fa:8b:13:b4,0,2927,562,8,7,1000
4209,XiaomiPOCO F2 Pro,12,90:ca:fa:8b:13:b4,0,2981,699,8,7,1000
4318,XiaomiPOCO F2 Pro,12,90:ca:fa:8b:13:b4,0,2876,299,8,7,1000
4429,XiaomiPOCO F2 Pro,12,90:ca:fa:8b:13:b4,0,2876,458,8,7,1000
4543,XiaomiPOCO F2 Pro,12,90:ca:fa:8b:13:b4,0,3340,776,8,7,1000
4651,XiaomiPOCO F2 Pro,12,90:ca:fa:8b:13:b4,0,2622,535,8,7,1000
4768,XiaomiPOCO F2 Pro,12,90:ca:fa:8b:13:b4,0,2619,476,8,7,1000
4886,XiaomiPOCO F2 Pro,12,90:ca:fa:8b:13:b4,0,3171,505,8,7,1000
5001,XiaomiPOCO F2 Pro,12,90:ca:fa:8b:13:b4,0,2802,718,8,4,1000
5124,XiaomiPOCO F2 Pro,12,90:ca:fa:8b:13:b4,0,2810,487,8,7,1000
5272,XiaomiPOCO F2 Pro,12,90:ca:fa:8b:13:b4,0,2729,462,8,6,1000
5352,XiaomiPOCO F2 Pro,12,90:ca:fa:8b:13:b4,0,3176,681,8,7,1000
5501,XiaomiPOCO F2 Pro,12,90:ca:fa:8b:13:b4,0,2651,316,8,6,1000
5589,XiaomiPOCO F2 Pro,12,90:ca:fa:8b:13:b4,0,2485,59,8,7,1000
5733,XiaomiPOCO F2 Pro,12,90:ca:fa:8b:13:b4,0,2454,360,8,7,1000
5826,XiaomiPOCO F2 Pro,12,90:ca:fa:8b:13:b4,0,2744,636,8,7,1000
6040,XiaomiPOCO F2 Pro,12,90:ca:fa:8b:13:b4,0,2505,179,8,7,1000
6193,XiaomiPOCO F2 Pro,12,90:ca:fa:8b:13:b4,0,2417,160,8,7,1000
6306,XiaomiPOCO F2 Pro,12,90:ca:fa:8b:13:b4,0,2861,701,8,7,1000
6459,XiaomiPOCO F2 Pro,12,90:ca:fa:8b:13:b4,0,3037,639,8,7,1000
6611,XiaomiPOCO F2 Pro,12,90:ca:fa:8b:13:b4,0,2868,583,8,7,1000
6768,XiaomiPOCO F2 Pro,12,90:ca:fa:8b:13:b4,0,2514,359,8,7,1000
6924,XiaomiPOCO F2 Pro,12,90:ca:fa:8b:13:b4,0,2883,630,8,7,1000
7036,XiaomiPOCO F2 Pro,12,90:ca:fa:8b:13:b4,0,3711,131,8,7,1000
7194,XiaomiPOCO F2 Pro,12,90:ca:fa:8b:13:b4,0,3015,656,8,7,1000
7349,XiaomiPOCO F2 Pro,12,90:ca:fa:8b:13:b4,0,2798,311,8,7,1000
7503,XiaomiPOCO F2 Pro,12,90:ca:fa:8b:13:b4,0,2446,449,8,7,1000
7658,XiaomiPOCO F2 Pro,12,90:ca:fa:8b:13:b4,0,3161,706,8,7,1000
7813,XiaomiPOCO F2 Pro,12,90:ca:fa:8b:13:b4,0,2798,635,8,7,1000
7970,XiaomiPOCO F2 Pro,12,90:ca:fa:8b:13:b4,0,2651,164,8,7,1000
8125,XiaomiPOCO F2 Pro,12,90:ca:fa:8b:13:b4,0,3061,628,8,7,1000
8283,XiaomiPOCO F2 Pro,12,90:ca:fa:8b:13:b4,0,2739,664,8,5,1000
8344,XiaomiPOCO F2 Pro,12,90:ca:fa:8b:13:b4,0,3794,755,8,7,1000
8407,XiaomiPOCO F2 Pro,12,90:ca:fa:8b:13:b4,0,2414,384,8,7,1000
8466,XiaomiPOCO F2 Pro,12,90:ca:fa:8b:13:b4,0,1762,757,8,7,1000
8529,XiaomiPOCO F2 Pro,12,90:ca:fa:8b:13:b4,0,2509,679,8,7,1000
8591,XiaomiPOCO F2 Pro,12,90:ca:fa:8b:13:b4,0,2453,747,8,7,1000
8653,XiaomiPOCO F2 Pro,12,90:ca:fa:8b:13:b4,0,2790,614,8,7,1000
8714,XiaomiPOCO F2 Pro,12,90:ca:fa:8b:13:b4,0,2422,43,8,7,1000
8775,XiaomiPOCO F2 Pro,12,90:ca:fa:8b:13:b4,0,2534,464,8,7,1000
8836,XiaomiPOCO F2 Pro,12,90:ca:fa:8b:13:b4,0,2436,168,8,7,1000
8900,XiaomiPOCO F2 Pro,12,90:ca:fa:8b:13:b4,0,2964,87,8,7,1000
8961,XiaomiPOCO F2 Pro,12,90:ca:fa:8b:13:b4,0,2446,119,8,7,1000
9023,XiaomiPOCO F2 Pro,12,90:ca:fa:8b:13:b4,0,2575,448,8,7,1000
9084,XiaomiPOCO F2 Pro,12,90:ca:fa:8b:13:b4,0,2680,464,8,7,1000
9146,XiaomiPOCO F2 Pro,12,90:ca:fa:8b:13:b4,0,4018,1278,8,7,1000
9275,XiaomiPOCO F2 Pro,12,90:ca:fa:8b:13:b4,0,2812,626,8,7,1000
9385,XiaomiPOCO F2 Pro,12,90:ca:fa:8b:13:b4,0,2719,99,8,7,1000
9506,XiaomiPOCO F2 Pro,12,90:ca:fa:8b:13:b4,0,2524,181,8,7,1000
9619,XiaomiPOCO F2 Pro,12,90:ca:fa:8b:13:b4,0,2934,558,8,7,1000
9743,XiaomiPOCO F2 Pro,12,90:ca:fa:8b:13:b4,0,3037,618,8,7,1000
9852,XiaomiPOCO F2 Pro,12,90:ca:fa:8b:13:b4,0,2993,636,8,7,1000
9973,XiaomiPOCO F2 Pro,12,90:ca:fa:8b:13:b4,0,2673,539,8,7,1000
10089,XiaomiPOCO F2 Pro,12,90:ca:fa:8b:13:b4,0,2934,557,8,7,1000
10207,XiaomiPOCO F2 Pro,12,90:ca:fa:8b:13:b4,0,3073,718,8,7,1000
10327,XiaomiPOCO F2 Pro,12,90:ca:fa:8b:13:b4,0,2876,443,8,7,1000
10438,XiaomiPOCO F2 Pro,12,90:ca:fa:8b:13:b4,0,3281,748,8,7,1000
10561,XiaomiPOCO F2 Pro,12,90:ca:fa:8b:13:b4,0,2592,118,8,7,1000
10674,XiaomiPOCO F2 Pro,12,90:ca:fa:8b:13:b4,0,3110,181,8,7,1000
10795,XiaomiPOCO F2 Pro,12,90:ca:fa:8b:13:b4,0,3220,570,8,7,1000
10913,XiaomiPOCO F2 Pro,12,90:ca:fa:8b:13:b4,0,2878,547,8,7,1000
11026,XiaomiPOCO F2 Pro,12,90:ca:fa:8b:13:b4,0,2942,498,8,7,1000
11141,XiaomiPOCO F2 Pro,12,90:ca:fa:8b:13:b4,0,2656,190,8,7,1000
11251,XiaomiPOCO F2 Pro,12,90:ca:fa:8b:13:b4,0,2636,454,8,7,1000
11362,XiaomiPOCO F2 Pro,12,90:ca:fa:8b:13:b4,0,2820,517,8,7,1000
11476,XiaomiPOCO F2 Pro,12,90:ca:fa:8b:13:b4,0,2788,258,8,7,1000
11599,XiaomiPOCO F2 Pro,12,90:ca:fa:8b:13:b4,0,2641,626,8,7,1000
11712,XiaomiPOCO F2 Pro,12,90:ca:fa:8b:13:b4,0,2942,421,8,7,1000
11837,XiaomiPOCO F2 Pro,12,90:ca:fa:8b:13:b4,0,2905,616,8,7,1000
11968,XiaomiPOCO F2 Pro,12,90:ca:fa:8b:13:b4,0,2854,463,8,7,1000
12085,XiaomiPOCO F2 Pro,12,90:ca:fa:8b:13:b4,0,2839,538,8,7,1000
12204,XiaomiPOCO F2 Pro,12,90:ca:fa:8b:13:b4,0,2680,543,8,7,1000
12324,XiaomiPOCO F2 Pro,12,90:ca:fa:8b:13:b4,0,2993,935,8,7,1000
12456,XiaomiPOCO F2 Pro,12,90:ca:fa:8b:13:b4,0,3030,670,8,7,1000
12575,XiaomiPOCO F2 Pro,12,90:ca:fa:8b:13:b4,0,3088,705,8,7,1000
12679,XiaomiPOCO F2 Pro,12,90:ca:fa:8b:13:b4,0,3132,810,8,7,1000
12787,XiaomiPOCO F2 Pro,12,90:ca:fa:8b:13:b4,0,2673,481,8,7,1000
12895,XiaomiPOCO F2 Pro,12,90:ca:fa:8b:13:b4,0,3227,541,8,7,1000
13013,XiaomiPOCO F2 Pro,12,90:ca:fa:8b:13:b4,0,3022,637,8,7,1000
13136,XiaomiPOCO F2 Pro,12,90:ca:fa:8b:13:b4,0,2729,544,8,7,1000
13250,XiaomiPOCO F2 Pro,12,90:ca:fa:8b:13:b4,0,3169,646,8,7,1000
13369,XiaomiPOCO F2 Pro,12,90:ca:fa:8b:13:b4,0,2739,99,8,7,1000
13482,XiaomiPOCO F2 Pro,12,90:ca:fa:8b:13:b4,0,2827,251,8,7,1000
13613,XiaomiPOCO F2 Pro,12,90:ca:fa:8b:13:b4,0,2661,595,8,7,1000
13735,XiaomiPOCO F2 Pro,12,90:ca:fa:8b:13:b4,0,2954,367,8,7,1000
13864,XiaomiPOCO F2 Pro,12,90:ca:fa:8b:13:b4,0,2949,384,8,7,1000
13998,XiaomiPOCO F2 Pro,12,90:ca:fa:8b:13:b4,0,2832,538,8,7,1000
14135,XiaomiPOCO F2 Pro,12,90:ca:fa:8b:13:b4,0,2707,600,8,7,1000
14258,XiaomiPOCO F2 Pro,12,90:ca:fa:8b:13:b4,0,2827,242,8,7,1000
14376,XiaomiPOCO F2 Pro,12,90:ca:fa:8b:13:b4,0,2475,109,8,7,1000
14484,XiaomiPOCO F2 Pro,12,90:ca:fa:8b:13:b4,0,3017,556,8,7,1000
14584,XiaomiPOCO F2 Pro,12,90:ca:fa:8b:13:b4,0,2754,689,8,7,1000
14702,XiaomiPOCO F2 Pro,12,90:ca:fa:8b:13:b4,0,2876,480,8,7,1000
14819,XiaomiPOCO F2 Pro,12,90:ca:fa:8b:13:b4,0,3169,126,8,7,1000
14944,XiaomiPOCO F2 Pro,12,90:ca:fa:8b:13:b4,0,2680,722,8,7,1000
15057,XiaomiPOCO F2 Pro,12,90:ca:fa:8b:13:b4,0,2895,111,8,7,1000
15181,XiaomiPOCO F2 Pro,12,90:ca:fa:8b:13:b4,0,2964,551,8,7,1000
15294,XiaomiPOCO F2 Pro,12,90:ca:fa:8b:13:b4,0,2949,570,8,7,1000
15407,XiaomiPOCO F2 Pro,12,90:ca:fa:8b:13:b4,0,3381,618,8,7,1000
15526,XiaomiPOCO F2 Pro,12,90:ca:fa:8b:13:b4,0,3081,551,8,7,1000
15642,XiaomiPOCO F2 Pro,12,90:ca:fa:8b:13:b4,0,2475,99,8,7,1000
15763,XiaomiPOCO F2 Pro,12,90:ca:fa:8b:13:b4,0,18650,16233,8,6,1000
15881,XiaomiPOCO F2 Pro,12,90:ca:fa:8b:13:b4,0,2732,624,8,7,1000
15992,XiaomiPOCO F2 Pro,12,90:ca:fa:8b:13:b4,0,2925,218,8,7,1000
16119,XiaomiPOCO F2 Pro,12,90:ca:fa:8b:13:b4,0,2710,510,8,7,1000
16251,XiaomiPOCO F2 Pro,12,90:ca:fa:8b:13:b4,0,3501,644,8,7,1000
16364,XiaomiPOCO F2 Pro,12,90:ca:fa:8b:13:b4,0,2690,411,8,7,1000
16489,XiaomiPOCO F2 Pro,12,90:ca:fa:8b:13:b4,0,2827,569,8,7,1000
16616,XiaomiPOCO F2 Pro,12,90:ca:fa:8b:13:b4,0,2954,146,8,7,1000
16733,XiaomiPOCO F2 Pro,12,90:ca:fa:8b:13:b4,0,3088,566,8,7,1000
16852,XiaomiPOCO F2 Pro,12,90:ca:fa:8b:13:b4,0,2839,729,8,7,1000
16970,XiaomiPOCO F2 Pro,12,90:ca:fa:8b:13:b4,0,2834,556,8,7,1000
17085,XiaomiPOCO F2 Pro,12,90:ca:fa:8b:13:b4,0,2251,236,8,7,1000
17209,XiaomiPOCO F2 Pro,12,90:ca:fa:8b:13:b4,0,2807,138,8,7,1000
17339,XiaomiPOCO F2 Pro,12,90:ca:fa:8b:13:b4,0,2631,93,8,7,1000
17451,XiaomiPOCO F2 Pro,12,90:ca:fa:8b:13:b4,0,2966,754,8,7,1000
17571,XiaomiPOCO F2 Pro,12,90:ca:fa:8b:13:b4,0,2993,558,8,7,1000
17691,XiaomiPOCO F2 Pro,12,90:ca:fa:8b:13:b4,0,2534,432,8,7,1000
17804,XiaomiPOCO F2 Pro,12,90:ca:fa:8b:13:b4,0,2612,87,8,7,1000
17921,XiaomiPOCO F2 Pro,12,90:ca:fa:8b:13:b4,0,2649,615,8,7,1000
18042,XiaomiPOCO F2 Pro,12,90:ca:fa:8b:13:b4,0,2700,90,8,7,1000
18159,XiaomiPOCO F2 Pro,12,90:ca:fa:8b:13:b4,0,2978,769,8,7,1000
18271,XiaomiPOCO F2 Pro,12,90:ca:fa:8b:13:b4,0,2986,452,8,7,1000
18394,XiaomiPOCO F2 Pro,12,90:ca:fa:8b:13:b4,0,2519,490,8,7,1000
18507,XiaomiPOCO F2 Pro,12,90:ca:fa:8b:13:b4,0,2942,574,8,7,1000
18623,XiaomiPOCO F2 Pro,12,90:ca:fa:8b:13:b4,0,2710,206,8,7,1000
18743,XiaomiPOCO F2 Pro,12,90:ca:fa:8b:13:b4,0,2737,595,8,7,1000
18858,XiaomiPOCO F2 Pro,12,90:ca:fa:8b:13:b4,0,2893,676,8,7,1000
18971,XiaomiPOCO F2 Pro,12,90:ca:fa:8b:13:b4,0,2885,615,8,7,1000
19100,XiaomiPOCO F2 Pro,12,90:ca:fa:8b:13:b4,0,2905,660,8,7,1000
19230,XiaomiPOCO F2 Pro,12,90:ca:fa:8b:13:b4,0,2832,406,8,7,1000
19365,XiaomiPOCO F2 Pro,12,90:ca:fa:8b:13:b4,0,2612,559,8,7,1000
19496,XiaomiPOCO F2 Pro,12,90:ca:fa:8b:13:b4,0,2663,609,8,7,1000
19608,XiaomiPOCO F2 Pro,12,90:ca:fa:8b:13:b4,0,2649,322,8,7,1000
19727,XiaomiPOCO F2 Pro,12,90:ca:fa:8b:13:b4,0,3227,725,8,7,1000
19840,XiaomiPOCO F2 Pro,12,90:ca:fa:8b:13:b4,0,2768,512,8,7,1000
19957,XiaomiPOCO F2 Pro,12,90:ca:fa:8b:13:b4,0,3315,29,8,7,1000
0,XiaomiPOCO F2 Pro,12,90:ca:fa:8b:13:b4,0,5146,1407,8,7,2000
59,XiaomiPOCO F2 Pro,12,90:ca:fa:8b:13:b4,0,3230,649,8,7,2000
191,XiaomiPOCO F2 Pro,12,90:ca:fa:8b:13:b4,0,3843,513,8,7,2000
299,XiaomiPOCO F2 Pro,12,90:ca:fa:8b:13:b4,0,3703,682,8,7,2000
415,XiaomiPOCO F2 Pro,12,90:ca:fa:8b:13:b4,0,4216,713,8,7,2000
515,XiaomiPOCO F2 Pro,12,90:ca:fa:8b:13:b4,0,4070,575,8,7,2000
614,XiaomiPOCO F2 Pro,12,90:ca:fa:8b:13:b4,0,4370,682,8,7,2000
727,XiaomiPOCO F2 Pro,12,90:ca:fa:8b:13:b4,0,4065,667,8,7,2000
829,XiaomiPOCO F2 Pro,12,90:ca:fa:8b:13:b4,0,4150,713,8,7,2000
949,XiaomiPOCO F2 Pro,12,90:ca:fa:8b:13:b4,0,4135,654,8,7,2000
1077,XiaomiPOCO F2 Pro,12,90:ca:fa:8b:13:b4,0,3747,625,8,7,2000
1197,XiaomiPOCO F2 Pro,12,90:ca:fa:8b:13:b4,0,4121,493,8,7,2000
1325,XiaomiPOCO F2 Pro,12,90:ca:fa:8b:13:b4,0,4480,543,8,7,2000
1442,XiaomiPOCO F2 Pro,12,90:ca:fa:8b:13:b4,0,4167,483,8,7,2000
1560,XiaomiPOCO F2 Pro,12,90:ca:fa:8b:13:b4,0,4174,843,8,7,2000
1673,XiaomiPOCO F2 Pro,12,90:ca:fa:8b:13:b4,0,4057,577,8,7,2000
1798,XiaomiPOCO F2 Pro,12,90:ca:fa:8b:13:b4,0,4218,456,8,7,2000
1939,XiaomiPOCO F2 Pro,12,90:ca:fa:8b:13:b4,0,4384,563,8,7,2000
2057,XiaomiPOCO F2 Pro,12,90:ca:fa:8b:13:b4,0,3916,550,8,7,2000
2179,XiaomiPOCO F2 Pro,12,90:ca:fa:8b:13:b4,0,4216,714,8,7,2000
2313,XiaomiPOCO F2 Pro,12,90:ca:fa:8b:13:b4,0,3979,359,8,7,2000
2421,XiaomiPOCO F2 Pro,12,90:ca:fa:8b:13:b4,0,3762,624,8,7,2000
2546,XiaomiPOCO F2 Pro,12,90:ca:fa:8b:13:b4,0,4135,612,8,7,2000
2663,XiaomiPOCO F2 Pro,12,90:ca:fa:8b:13:b4,0,4245,544,8,7,2000
2787,XiaomiPOCO F2 Pro,12,90:ca:fa:8b:13:b4,0,3838,459,8,7,2000
2921,XiaomiPOCO F2 Pro,12,90:ca:fa:8b:13:b4,0,4077,557,8,7,2000
3051,XiaomiPOCO F2 Pro,12,90:ca:fa:8b:13:b4,0,3733,489,8,7,2000
3175,XiaomiPOCO F2 Pro,12,90:ca:fa:8b:13:b4,0,4392,718,8,7,2000
3301,XiaomiPOCO F2 Pro,12,90:ca:fa:8b:13:b4,0,4233,592,8,7,2000
3403,XiaomiPOCO F2 Pro,12,90:ca:fa:8b:13:b4,0,4048,475,8,7,2000
3511,XiaomiPOCO F2 Pro,12,90:ca:fa:8b:13:b4,0,4055,606,8,7,2000
3643,XiaomiPOCO F2 Pro,12,90:ca:fa:8b:13:b4,0,3803,387,8,7,2000
3766,XiaomiPOCO F2 Pro,12,90:ca:fa:8b:13:b4,0,4131,632,8,7,2000
3886,XiaomiPOCO F2 Pro,12,90:ca:fa:8b:13:b4,0,4101,653,8,7,2000
4001,XiaomiPOCO F2 Pro,12,90:ca:fa:8b:13:b4,0,3711,476,8,7,2000
4119,XiaomiPOCO F2 Pro,12,90:ca:fa:8b:13:b4,0,4355,839,8,7,2000
4239,XiaomiPOCO F2 Pro,12,90:ca:fa:8b:13:b4,0,4477,279,8,7,2000
4374,XiaomiPOCO F2 Pro,12,90:ca:fa:8b:13:b4,0,4038,738,8,5,2000
4461,XiaomiPOCO F2 Pro,12,90:ca:fa:8b:13:b4,0,3964,586,8,7,2000
4570,XiaomiPOCO F2 Pro,12,90:ca:fa:8b:13:b4,0,4514,145,8,7,2000
4724,XiaomiPOCO F2 Pro,12,90:ca:fa:8b:13:b4,0,3662,191,8,6,2000
4802,XiaomiPOCO F2 Pro,12,90:ca:fa:8b:13:b4,0,4008,193,8,7,2000
4947,XiaomiPOCO F2 Pro,12,90:ca:fa:8b:13:b4,0,3921,588,8,5,2000
5030,XiaomiPOCO F2 Pro,12,90:ca:fa:8b:13:b4,0,3933,647,8,7,2000
5170,XiaomiPOCO F2 Pro,12,90:ca:fa:8b:13:b4,0,4043,582,8,7,2000
5320,XiaomiPOCO F2 Pro,12,90:ca:fa:8b:13:b4,0,3772,814,8,7,2000
5470,XiaomiPOCO F2 Pro,12,90:ca:fa:8b:13:b4,0,4233,637,8,7,2000
5616,XiaomiPOCO F2 Pro,12,90:ca:fa:8b:13:b4,0,3808,679,8,7,2000
5775,XiaomiPOCO F2 Pro,12,90:ca:fa:8b:13:b4,0,3955,773,8,7,2000
5924,XiaomiPOCO F2 Pro,12,90:ca:fa:8b:13:b4,0,3779,659,8,7,2000
6081,XiaomiPOCO F2 Pro,12,90:ca:fa:8b:13:b4,0,4350,745,8,7,2000
6234,XiaomiPOCO F2 Pro,12,90:ca:fa:8b:13:b4,0,4094,507,8,7,2000
6347,XiaomiPOCO F2 Pro,12,90:ca:fa:8b:13:b4,0,4126,241,8,7,2000
6494,XiaomiPOCO F2 Pro,12,90:ca:fa:8b:13:b4,0,4094,510,8,7,2000
6654,XiaomiPOCO F2 Pro,12,90:ca:fa:8b:13:b4,0,4035,827,8,7,2000
6808,XiaomiPOCO F2 Pro,12,90:ca:fa:8b:13:b4,0,4196,512,8,7,2000
6961,XiaomiPOCO F2 Pro,12,90:ca:fa:8b:13:b4,0,4094,691,8,7,2000
7115,XiaomiPOCO F2 Pro,12,90:ca:fa:8b:13:b4,0,3779,629,8,7,2000
7268,XiaomiPOCO F2 Pro,12,90:ca:fa:8b:13:b4,0,4240,824,8,7,2000
7422,XiaomiPOCO F2 Pro,12,90:ca:fa:8b:13:b4,0,4018,163,8,7,2000
7579,XiaomiPOCO F2 Pro,12,90:ca:fa:8b:13:b4,0,4243,719,8,5,2000
7642,XiaomiPOCO F2 Pro,12,90:ca:fa:8b:13:b4,0,3930,801,8,7,2000
7701,XiaomiPOCO F2 Pro,12,90:ca:fa:8b:13:b4,0,3523,1280,8,7,2000
7754,XiaomiPOCO F2 Pro,12,90:ca:fa:8b:13:b4,0,3676,866,8,7,2000
7810,XiaomiPOCO F2 Pro,12,90:ca:fa:8b:13:b4,0,4094,575,8,7,2000
7871,XiaomiPOCO F2 Pro,12,90:ca:fa:8b:13:b4,0,4839,171,8,7,2000
7933,XiaomiPOCO F2 Pro,12,90:ca:fa:8b:13:b4,0,3579,465,8,7,2000
7998,XiaomiPOCO F2 Pro,12,90:ca:fa:8b:13:b4,0,3706,365,8,7,2000
8059,XiaomiPOCO F2 Pro,12,90:ca:fa:8b:13:b4,0,3896,632,8,7,2000
8122,XiaomiPOCO F2 Pro,12,90:ca:fa:8b:13:b4,0,4248,560,8,7,2000
8183,XiaomiPOCO F2 Pro,12,90:ca:fa:8b:13:b4,0,3979,193,8,7,2000
8244,XiaomiPOCO F2 Pro,12,90:ca:fa:8b:13:b4,0,3816,621,8,7,2000
8303,XiaomiPOCO F2 Pro,12,90:ca:fa:8b:13:b4,0,3996,510,8,7,2000
8394,XiaomiPOCO F2 Pro,12,90:ca:fa:8b:13:b4,0,4399,566,8,7,2000
8497,XiaomiPOCO F2 Pro,12,90:ca:fa:8b:13:b4,0,4050,462,8,7,2000
8601,XiaomiPOCO F2 Pro,12,90:ca:fa:8b:13:b4,0,3772,592,8,7,2000
8702,XiaomiPOCO F2 Pro,12,90:ca:fa:8b:13:b4,0,3674,503,8,7,2000
8804,XiaomiPOCO F2 Pro,12,90:ca:fa:8b:13:b4,0,4057,749,8,7,2000
8907,XiaomiPOCO F2 Pro,12,90:ca:fa:8b:13:b4,0,4065,550,8,7,2000
9024,XiaomiPOCO F2 Pro,12,90:ca:fa:8b:13:b4,0,4292,642,8,7,2000
9134,XiaomiPOCO F2 Pro,12,90:ca:fa:8b:13:b4,0,4128,723,8,7,2000
9259,XiaomiPOCO F2 Pro,12,90:ca:fa:8b:13:b4,0,4392,624,8,7,2000
9374,XiaomiPOCO F2 Pro,12,90:ca:fa:8b:13:b4,0,3835,456,8,7,2000
9482,XiaomiPOCO F2 Pro,12,90:ca:fa:8b:13:b4,0,4128,719,8,7,2000
9583,XiaomiPOCO F2 Pro,12,90:ca:fa:8b:13:b4,0,4218,572,8,7,2000
9691,XiaomiPOCO F2 Pro,12,90:ca:fa:8b:13:b4,0,4167,701,8,7,2000
9794,XiaomiPOCO F2 Pro,12,90:ca:fa:8b:13:b4,0,4377,696,8,7,2000
9898,XiaomiPOCO F2 Pro,12,90:ca:fa:8b:13:b4,0,4402,760,8,7,2000
10006,XiaomiPOCO F2 Pro,12,90:ca:fa:8b:13:b4,0,4114,512,8,7,2000
10129,XiaomiPOCO F2 Pro,12,90:ca:fa:8b:13:b4,0,4043,666,8,7,2000
10234,XiaomiPOCO F2 Pro,12,90:ca:fa:8b:13:b4,0,4099,638,8,7,2000
10361,XiaomiPOCO F2 Pro,12,90:ca:fa:8b:13:b4,0,4223,744,8,7,2000
10468,XiaomiPOCO F2 Pro,12,90:ca:fa:8b:13:b4,0,4155,367,8,7,2000
10585,XiaomiPOCO F2 Pro,12,90:ca:fa:8b:13:b4,0,4311,559,8,7,2000
10699,XiaomiPOCO F2 Pro,12,90:ca:fa:8b:13:b4,0,4158,736,8,7,2000
10827,XiaomiPOCO F2 Pro,12,90:ca:fa:8b:13:b4,0,3960,627,8,7,2000
10947,XiaomiPOCO F2 Pro,12,90:ca:fa:8b:13:b4,0,3816,533,8,7,2000
11056,XiaomiPOCO F2 Pro,12,90:ca:fa:8b:13:b4,0,4087,750,8,7,2000
11172,XiaomiPOCO F2 Pro,12,90:ca:fa:8b:13:b4,0,4116,684,8,7,2000
11300,XiaomiPOCO F2 Pro,12,90:ca:fa:8b:13:b4,0,4189,667,8,7,2000
11433,XiaomiPOCO F2 Pro,12,90:ca:fa:8b:13:b4,0,3962,683,8,7,2000
11537,XiaomiPOCO F2 Pro,12,90:ca:fa:8b:13:b4,0,4399,737,8,7,2000
11661,XiaomiPOCO F2 Pro,12,90:ca:fa:8b:13:b4,0,4109,467,8,7,2000
11790,XiaomiPOCO F2 Pro,12,90:ca:fa:8b:13:b4,0,4128,581,8,7,2000
11918,XiaomiPOCO F2 Pro,12,90:ca:fa:8b:13:b4,0,4033,671,8,7,2000
12033,XiaomiPOCO F2 Pro,12,90:ca:fa:8b:13:b4,0,3816,469,8,7,2000
12147,XiaomiPOCO F2 Pro,12,90:ca:fa:8b:13:b4,0,4421,765,8,7,2000
12258,XiaomiPOCO F2 Pro,12,90:ca:fa:8b:13:b4,0,3718,706,8,7,2000
12378,XiaomiPOCO F2 Pro,12,90:ca:fa:8b:13:b4,0,3989,777,8,7,2000
12512,XiaomiPOCO F2 Pro,12,90:ca:fa:8b:13:b4,0,3769,733,8,7,2000
12630,XiaomiPOCO F2 Pro,12,90:ca:fa:8b:13:b4,0,4026,643,8,7,2000
12751,XiaomiPOCO F2 Pro,12,90:ca:fa:8b:13:b4,0,3967,553,8,7,2000
12880,XiaomiPOCO F2 Pro,12,90:ca:fa:8b:13:b4,0,4209,575,8,7,2000
12997,XiaomiPOCO F2 Pro,12,90:ca:fa:8b:13:b4,0,3757,586,8,7,2000
13125,XiaomiPOCO F2 Pro,12,90:ca:fa:8b:13:b4,0,3589,408,8,7,2000
13255,XiaomiPOCO F2 Pro,12,90:ca:fa:8b:13:b4,0,3755,466,8,7,2000
13361,XiaomiPOCO F2 Pro,12,90:ca:fa:8b:13:b4,0,4067,710,8,7,2000
13494,XiaomiPOCO F2 Pro,12,90:ca:fa:8b:13:b4,0,4436,636,8,7,2000
13623,XiaomiPOCO F2 Pro,12,90:ca:fa:8b:13:b4,0,3772,507,8,7,2000
13737,XiaomiPOCO F2 Pro,12,90:ca:fa:8b:13:b4,0,4101,625,8,7,2000
13841,XiaomiPOCO F2 Pro,12,90:ca:fa:8b:13:b4,0,3952,697,8,7,2000
13947,XiaomiPOCO F2 Pro,12,90:ca:fa:8b:13:b4,0,3901,363,8,7,2000
14056,XiaomiPOCO F2 Pro,12,90:ca:fa:8b:13:b4,0,4328,571,8,7,2000
14148,XiaomiPOCO F2 Pro,12,90:ca:fa:8b:13:b4,0,3742,595,8,7,2000
14249,XiaomiPOCO F2 Pro,12,90:ca:fa:8b:13:b4,0,3989,629,8,7,2000
14354,XiaomiPOCO F2 Pro,12,90:ca:fa:8b:13:b4,0,4370,358,8,7,2000
14457,XiaomiPOCO F2 Pro,12,90:ca:fa:8b:13:b4,0,3901,332,8,7,2000
14559,XiaomiPOCO F2 Pro,12,90:ca:fa:8b:13:b4,0,3999,818,8,7,2000
14664,XiaomiPOCO F2 Pro,12,90:ca:fa:8b:13:b4,0,4194,683,8,7,2000
14765,XiaomiPOCO F2 Pro,12,90:ca:fa:8b:13:b4,0,4643,514,8,7,2000
14865,XiaomiPOCO F2 Pro,12,90:ca:fa:8b:13:b4,0,3999,411,8,7,2000
14970,XiaomiPOCO F2 Pro,12,90:ca:fa:8b:13:b4,0,4624,739,8,7,2000
15068,XiaomiPOCO F2 Pro,12,90:ca:fa:8b:13:b4,0,4335,667,8,7,2000
15170,XiaomiPOCO F2 Pro,12,90:ca:fa:8b:13:b4,0,3820,381,8,7,2000
15272,XiaomiPOCO F2 Pro,12,90:ca:fa:8b:13:b4,0,3654,403,8,7,2000
15376,XiaomiPOCO F2 Pro,12,90:ca:fa:8b:13:b4,0,3676,454,8,7,2000
15480,XiaomiPOCO F2 Pro,12,90:ca:fa:8b:13:b4,0,3923,561,8,7,2000
15581,XiaomiPOCO F2 Pro,12,90:ca:fa:8b:13:b4,0,3857,564,8,7,2000
15682,XiaomiPOCO F2 Pro,12,90:ca:fa:8b:13:b4,0,3930,450,8,7,2000
15786,XiaomiPOCO F2 Pro,12,90:ca:fa:8b:13:b4,0,4326,636,8,7,2000
15887,XiaomiPOCO F2 Pro,12,90:ca:fa:8b:13:b4,0,4216,759,8,7,2000
15989,XiaomiPOCO F2 Pro,12,90:ca:fa:8b:13:b4,0,3798,597,8,7,2000
16093,XiaomiPOCO F2 Pro,12,90:ca:fa:8b:13:b4,0,3891,843,8,7,2000
16205,XiaomiPOCO F2 Pro,12,90:ca:fa:8b:13:b4,0,3774,409,8,7,2000
16300,XiaomiPOCO F2 Pro,12,90:ca:fa:8b:13:b4,0,3982,586,8,7,2000
16404,XiaomiPOCO F2 Pro,12,90:ca:fa:8b:13:b4,0,3996,611,8,7,2000
16509,XiaomiPOCO F2 Pro,12,90:ca:fa:8b:13:b4,0,3945,468,8,7,2000
16632,XiaomiPOCO F2 Pro,12,90:ca:fa:8b:13:b4,0,4047,499,8,7,2000
16747,XiaomiPOCO F2 Pro,12,90:ca:fa:8b:13:b4,0,4585,919,8,7,2000
16867,XiaomiPOCO F2 Pro,12,90:ca:fa:8b:13:b4,0,3798,495,8,7,2000
16989,XiaomiPOCO F2 Pro,12,90:ca:fa:8b:13:b4,0,3991,559,8,7,2000
17130,XiaomiPOCO F2 Pro,12,90:ca:fa:8b:13:b4,0,4165,720,8,7,2000
17257,XiaomiPOCO F2 Pro,12,90:ca:fa:8b:13:b4,0,3996,512,8,7,2000
17391,XiaomiPOCO F2 Pro,12,90:ca:fa:8b:13:b4,0,4223,633,8,7,2000
17520,XiaomiPOCO F2 Pro,12,90:ca:fa:8b:13:b4,0,3784,323,8,7,2000
17646,XiaomiPOCO F2 Pro,12,90:ca:fa:8b:13:b4,0,3696,666,8,7,2000
17770,XiaomiPOCO F2 Pro,12,90:ca:fa:8b:13:b4,0,3803,286,8,7,2000
17899,XiaomiPOCO F2 Pro,12,90:ca:fa:8b:13:b4,0,42246,175,8,7,2000
18025,XiaomiPOCO F2 Pro,12,90:ca:fa:8b:13:b4,0,3889,495,8,7,2000
18165,XiaomiPOCO F2 Pro,12,90:ca:fa:8b:13:b4,0,4077,630,8,7,2000
18302,XiaomiPOCO F2 Pro,12,90:ca:fa:8b:13:b4,0,4253,695,8,7,2000
18428,XiaomiPOCO F2 Pro,12,90:ca:fa:8b:13:b4,0,4042,619,8,7,2000
18542,XiaomiPOCO F2 Pro,12,90:ca:fa:8b:13:b4,0,3930,624,8,7,2000
18668,XiaomiPOCO F2 Pro,12,90:ca:fa:8b:13:b4,0,4040,632,8,7,2000
18787,XiaomiPOCO F2 Pro,12,90:ca:fa:8b:13:b4,0,4072,487,8,7,2000
18912,XiaomiPOCO F2 Pro,12,90:ca:fa:8b:13:b4,0,3830,606,8,7,2000
19035,XiaomiPOCO F2 Pro,12,90:ca:fa:8b:13:b4,0,4165,560,8,7,2000
19162,XiaomiPOCO F2 Pro,12,90:ca:fa:8b:13:b4,0,4362,601,8,7,2000
19269,XiaomiPOCO F2 Pro,12,90:ca:fa:8b:13:b4,0,4179,576,8,7,2000
19401,XiaomiPOCO F2 Pro,12,90:ca:fa:8b:13:b4,0,3857,524,8,7,2000
19525,XiaomiPOCO F2 Pro,12,90:ca:fa:8b:13:b4,0,3916,704,8,7,2000
19645,XiaomiPOCO F2 Pro,12,90:ca:fa:8b:13:b4,0,3952,485,8,7,2000
19750,XiaomiPOCO F2 Pro,12,90:ca:fa:8b:13:b4,0,3750,483,8,7,2000
19843,XiaomiPOCO F2 Pro,12,90:ca:fa:8b:13:b4,0,4101,429,8,7,2000
19944,XiaomiPOCO F2 Pro,12,90:ca:fa:8b:13:b4,0,3735,533,8,7,2000
0,XiaomiPOCO F2 Pro,12,90:ca:fa:8b:13:b4,0,4194,199,8,7,3000
59,XiaomiPOCO F2 Pro,12,90:ca:fa:8b:13:b4,0,4672,551,8,7,3000
190,XiaomiPOCO F2 Pro,12,90:ca:fa:8b:13:b4,0,5219,662,8,7,3000
294,XiaomiPOCO F2 Pro,12,90:ca:fa:8b:13:b4,0,4694,518,8,7,3000
396,XiaomiPOCO F2 Pro,12,90:ca:fa:8b:13:b4,0,5053,457,8,7,3000
500,XiaomiPOCO F2 Pro,12,90:ca:fa:8b:13:b4,0,5102,803,8,7,3000
602,XiaomiPOCO F2 Pro,12,90:ca:fa:8b:13:b4,0,4816,530,8,7,3000
714,XiaomiPOCO F2 Pro,12,90:ca:fa:8b:13:b4,0,4875,634,8,7,3000
836,XiaomiPOCO F2 Pro,12,90:ca:fa:8b:13:b4,0,5271,722,8,7,3000
937,XiaomiPOCO F2 Pro,12,90:ca:fa:8b:13:b4,0,4770,165,8,7,3000
1051,XiaomiPOCO F2 Pro,12,90:ca:fa:8b:13:b4,0,4809,668,8,7,3000
1165,XiaomiPOCO F2 Pro,12,90:ca:fa:8b:13:b4,0,4743,577,8,7,3000
1284,XiaomiPOCO F2 Pro,12,90:ca:fa:8b:13:b4,0,4746,433,8,7,3000
1401,XiaomiPOCO F2 Pro,12,90:ca:fa:8b:13:b4,0,4965,744,8,7,3000
1521,XiaomiPOCO F2 Pro,12,90:ca:fa:8b:13:b4,0,4575,486,8,7,3000
1633,XiaomiPOCO F2 Pro,12,90:ca:fa:8b:13:b4,0,4795,391,8,7,3000
1750,XiaomiPOCO F2 Pro,12,90:ca:fa:8b:13:b4,0,5017,446,8,7,3000
1875,XiaomiPOCO F2 Pro,12,90:ca:fa:8b:13:b4,0,5124,632,8,7,3000
1999,XiaomiPOCO F2 Pro,12,90:ca:fa:8b:13:b4,0,4536,363,8,7,3000
2106,XiaomiPOCO F2 Pro,12,90:ca:fa:8b:13:b4,0,4545,120,8,4,3000
2230,XiaomiPOCO F2 Pro,12,90:ca:fa:8b:13:b4,0,4502,14,8,7,3000
2380,XiaomiPOCO F2 Pro,12,90:ca:fa:8b:13:b4,0,5249,572,8,7,3000
2463,XiaomiPOCO F2 Pro,12,90:ca:fa:8b:13:b4,0,4663,119,8,7,3000
2598,XiaomiPOCO F2 Pro,12,90:ca:fa:8b:13:b4,0,4458,0,8,7,3000
2738,XiaomiPOCO F2 Pro,12,90:ca:fa:8b:13:b4,0,4846,575,8,7,3000
2871,XiaomiPOCO F2 Pro,12,90:ca:fa:8b:13:b4,0,4594,299,8,7,3000
2972,XiaomiPOCO F2 Pro,12,90:ca:fa:8b:13:b4,0,4799,913,8,7,3000
3130,XiaomiPOCO F2 Pro,12,90:ca:fa:8b:13:b4,0,5063,290,8,7,3000
3288,XiaomiPOCO F2 Pro,12,90:ca:fa:8b:13:b4,0,4292,98,8,7,3000
3379,XiaomiPOCO F2 Pro,12,90:ca:fa:8b:13:b4,0,4672,117,8,7,3000
3536,XiaomiPOCO F2 Pro,12,90:ca:fa:8b:13:b4,0,4077,253,8,7,3000
3689,XiaomiPOCO F2 Pro,12,90:ca:fa:8b:13:b4,0,4897,714,8,7,3000
3848,XiaomiPOCO F2 Pro,12,90:ca:fa:8b:13:b4,0,4458,38,8,7,3000
4002,XiaomiPOCO F2 Pro,12,90:ca:fa:8b:13:b4,0,4611,660,8,7,3000
4105,XiaomiPOCO F2 Pro,12,90:ca:fa:8b:13:b4,0,4868,438,8,7,3000
4263,XiaomiPOCO F2 Pro,12,90:ca:fa:8b:13:b4,0,4546,58,8,7,3000
4417,XiaomiPOCO F2 Pro,12,90:ca:fa:8b:13:b4,0,4831,503,8,7,3000
4574,XiaomiPOCO F2 Pro,12,90:ca:fa:8b:13:b4,0,4524,176,8,7,3000
4728,XiaomiPOCO F2 Pro,12,90:ca:fa:8b:13:b4,0,4589,479,8,7,3000
4884,XiaomiPOCO F2 Pro,12,90:ca:fa:8b:13:b4,0,4926,610,8,7,3000
5037,XiaomiPOCO F2 Pro,12,90:ca:fa:8b:13:b4,0,4077,232,8,7,3000
5190,XiaomiPOCO F2 Pro,12,90:ca:fa:8b:13:b4,0,5088,745,8,7,3000
5347,XiaomiPOCO F2 Pro,12,90:ca:fa:8b:13:b4,0,4150,43,8,5,3000
5419,XiaomiPOCO F2 Pro,12,90:ca:fa:8b:13:b4,0,5141,1538,8,7,3000
5489,XiaomiPOCO F2 Pro,12,90:ca:fa:8b:13:b4,0,4824,649,8,7,3000
5549,XiaomiPOCO F2 Pro,12,90:ca:fa:8b:13:b4,0,4663,817,8,7,3000
5606,XiaomiPOCO F2 Pro,12,90:ca:fa:8b:13:b4,0,4975,1038,8,7,3000
5667,XiaomiPOCO F2 Pro,12,90:ca:fa:8b:13:b4,0,4694,557,8,7,3000
5723,XiaomiPOCO F2 Pro,12,90:ca:fa:8b:13:b4,0,4594,144,8,7,3000
5777,XiaomiPOCO F2 Pro,12,90:ca:fa:8b:13:b4,0,3813,75,8,7,3000
5833,XiaomiPOCO F2 Pro,12,90:ca:fa:8b:13:b4,0,4731,711,8,7,3000
5895,XiaomiPOCO F2 Pro,12,90:ca:fa:8b:13:b4,0,4773,610,8,7,3000
5955,XiaomiPOCO F2 Pro,12,90:ca:fa:8b:13:b4,0,5852,1414,8,7,3000
6014,XiaomiPOCO F2 Pro,12,90:ca:fa:8b:13:b4,0,4741,93,8,7,3000
6076,XiaomiPOCO F2 Pro,12,90:ca:fa:8b:13:b4,0,4438,708,8,7,3000
6138,XiaomiPOCO F2 Pro,12,90:ca:fa:8b:13:b4,0,5170,149,8,7,3000
6200,XiaomiPOCO F2 Pro,12,90:ca:fa:8b:13:b4,0,4414,547,8,7,3000
6305,XiaomiPOCO F2 Pro,12,90:ca:fa:8b:13:b4,0,4614,228,8,7,3000
6421,XiaomiPOCO F2 Pro,12,90:ca:fa:8b:13:b4,0,4907,663,8,7,3000
6527,XiaomiPOCO F2 Pro,12,90:ca:fa:8b:13:b4,0,4846,595,8,7,3000
6654,XiaomiPOCO F2 Pro,12,90:ca:fa:8b:13:b4,0,4985,1003,8,7,3000
6782,XiaomiPOCO F2 Pro,12,90:ca:fa:8b:13:b4,0,5102,668,8,7,3000
6912,XiaomiPOCO F2 Pro,12,90:ca:fa:8b:13:b4,0,4604,580,8,7,3000
7026,XiaomiPOCO F2 Pro,12,90:ca:fa:8b:13:b4,0,4702,463,8,7,3000
7142,XiaomiPOCO F2 Pro,12,90:ca:fa:8b:13:b4,0,4692,520,8,7,3000
7258,XiaomiPOCO F2 Pro,12,90:ca:fa:8b:13:b4,0,4860,603,8,7,3000
7377,XiaomiPOCO F2 Pro,12,90:ca:fa:8b:13:b4,0,4585,139,8,7,3000
7492,XiaomiPOCO F2 Pro,12,90:ca:fa:8b:13:b4,0,4912,672,8,7,3000
7615,XiaomiPOCO F2 Pro,12,90:ca:fa:8b:13:b4,0,4926,741,8,7,3000
7721,XiaomiPOCO F2 Pro,12,90:ca:fa:8b:13:b4,0,4643,159,8,7,3000
7847,XiaomiPOCO F2 Pro,12,90:ca:fa:8b:13:b4,0,4975,162,8,7,3000
7968,XiaomiPOCO F2 Pro,12,90:ca:fa:8b:13:b4,0,5251,760,8,7,3000
8090,XiaomiPOCO F2 Pro,12,90:ca:fa:8b:13:b4,0,4750,217,8,7,3000
8214,XiaomiPOCO F2 Pro,12,90:ca:fa:8b:13:b4,0,44121,100,8,7,3000
8328,XiaomiPOCO F2 Pro,12,90:ca:fa:8b:13:b4,0,5075,799,8,7,3000
8453,XiaomiPOCO F2 Pro,12,90:ca:fa:8b:13:b4,0,4804,688,8,7,3000
8589,XiaomiPOCO F2 Pro,12,90:ca:fa:8b:13:b4,0,4702,170,8,7,3000
8714,XiaomiPOCO F2 Pro,12,90:ca:fa:8b:13:b4,0,4389,208,8,7,3000
8833,XiaomiPOCO F2 Pro,12,90:ca:fa:8b:13:b4,0,4717,468,8,7,3000
8949,XiaomiPOCO F2 Pro,12,90:ca:fa:8b:13:b4,0,5053,254,8,7,3000
9063,XiaomiPOCO F2 Pro,12,90:ca:fa:8b:13:b4,0,4729,500,8,7,3000
9184,XiaomiPOCO F2 Pro,12,90:ca:fa:8b:13:b4,0,5210,191,8,7,3000
9295,XiaomiPOCO F2 Pro,12,90:ca:fa:8b:13:b4,0,4272,200,8,7,3000
9414,XiaomiPOCO F2 Pro,12,90:ca:fa:8b:13:b4,0,4878,1072,8,7,3000
9533,XiaomiPOCO F2 Pro,12,90:ca:fa:8b:13:b4,0,5263,192,8,6,3000
9650,XiaomiPOCO F2 Pro,12,90:ca:fa:8b:13:b4,0,5356,99,8,7,3000
9768,XiaomiPOCO F2 Pro,12,90:ca:fa:8b:13:b4,0,5017,759,8,7,3000
9888,XiaomiPOCO F2 Pro,12,90:ca:fa:8b:13:b4,0,4802,719,8,7,3000
10027,XiaomiPOCO F2 Pro,12,90:ca:fa:8b:13:b4,0,4870,636,8,7,3000
10150,XiaomiPOCO F2 Pro,12,90:ca:fa:8b:13:b4,0,4582,427,8,7,3000
10264,XiaomiPOCO F2 Pro,12,90:ca:fa:8b:13:b4,0,4731,448,8,7,3000
10383,XiaomiPOCO F2 Pro,12,90:ca:fa:8b:13:b4,0,4819,110,8,7,3000
10500,XiaomiPOCO F2 Pro,12,90:ca:fa:8b:13:b4,0,4897,666,8,7,3000
10622,XiaomiPOCO F2 Pro,12,90:ca:fa:8b:13:b4,0,4428,83,8,7,3000
10734,XiaomiPOCO F2 Pro,12,90:ca:fa:8b:13:b4,0,4453,131,8,7,3000
10853,XiaomiPOCO F2 Pro,12,90:ca:fa:8b:13:b4,0,5171,591,8,7,3000
10981,XiaomiPOCO F2 Pro,12,90:ca:fa:8b:13:b4,0,4934,714,8,7,3000
11110,XiaomiPOCO F2 Pro,12,90:ca:fa:8b:13:b4,0,5112,661,8,7,3000
11242,XiaomiPOCO F2 Pro,12,90:ca:fa:8b:13:b4,0,5322,620,8,7,3000
11349,XiaomiPOCO F2 Pro,12,90:ca:fa:8b:13:b4,0,4802,497,8,7,3000
11476,XiaomiPOCO F2 Pro,12,90:ca:fa:8b:13:b4,0,4927,971,8,7,3000
11589,XiaomiPOCO F2 Pro,12,90:ca:fa:8b:13:b4,0,4575,110,8,7,3000
11707,XiaomiPOCO F2 Pro,12,90:ca:fa:8b:13:b4,0,4770,563,8,7,3000
11830,XiaomiPOCO F2 Pro,12,90:ca:fa:8b:13:b4,0,5112,231,8,7,3000
11947,XiaomiPOCO F2 Pro,12,90:ca:fa:8b:13:b4,0,4912,711,8,7,3000
12068,XiaomiPOCO F2 Pro,12,90:ca:fa:8b:13:b4,0,4941,752,8,7,3000
12202,XiaomiPOCO F2 Pro,12,90:ca:fa:8b:13:b4,0,4927,677,8,7,3000
12329,XiaomiPOCO F2 Pro,12,90:ca:fa:8b:13:b4,0,5017,570,8,7,3000
12448,XiaomiPOCO F2 Pro,12,90:ca:fa:8b:13:b4,0,4834,646,8,7,3000
12587,XiaomiPOCO F2 Pro,12,90:ca:fa:8b:13:b4,0,4360,155,8,7,3000
12715,XiaomiPOCO F2 Pro,12,90:ca:fa:8b:13:b4,0,5014,623,8,7,3000
12830,XiaomiPOCO F2 Pro,12,90:ca:fa:8b:13:b4,0,4897,228,8,7,3000
12944,XiaomiPOCO F2 Pro,12,90:ca:fa:8b:13:b4,0,4927,525,8,7,3000
13059,XiaomiPOCO F2 Pro,12,90:ca:fa:8b:13:b4,0,4341,135,8,7,3000
13182,XiaomiPOCO F2 Pro,12,90:ca:fa:8b:13:b4,0,4487,207,8,7,3000
13294,XiaomiPOCO F2 Pro,12,90:ca:fa:8b:13:b4,0,4775,548,8,7,3000
13408,XiaomiPOCO F2 Pro,12,90:ca:fa:8b:13:b4,0,5124,546,8,7,3000
13534,XiaomiPOCO F2 Pro,12,90:ca:fa:8b:13:b4,0,4741,412,8,7,3000
13647,XiaomiPOCO F2 Pro,12,90:ca:fa:8b:13:b4,0,4714,362,8,7,3000
13750,XiaomiPOCO F2 Pro,12,90:ca:fa:8b:13:b4,0,4812,662,8,7,3000
13866,XiaomiPOCO F2 Pro,12,90:ca:fa:8b:13:b4,0,4995,916,8,7,3000
13976,XiaomiPOCO F2 Pro,12,90:ca:fa:8b:13:b4,0,4824,602,8,7,3000
14096,XiaomiPOCO F2 Pro,12,90:ca:fa:8b:13:b4,0,4448,99,8,7,3000
14220,XiaomiPOCO F2 Pro,12,90:ca:fa:8b:13:b4,0,4887,231,8,7,3000
14333,XiaomiPOCO F2 Pro,12,90:ca:fa:8b:13:b4,0,5293,538,8,7,3000
14452,XiaomiPOCO F2 Pro,12,90:ca:fa:8b:13:b4,0,4641,302,8,7,3000
14567,XiaomiPOCO F2 Pro,12,90:ca:fa:8b:13:b4,0,4716,308,8,7,3000
14672,XiaomiPOCO F2 Pro,12,90:ca:fa:8b:13:b4,0,5029,562,8,7,3000
14782,XiaomiPOCO F2 Pro,12,90:ca:fa:8b:13:b4,0,5161,554,8,7,3000
14904,XiaomiPOCO F2 Pro,12,90:ca:fa:8b:13:b4,0,5034,1087,8,7,3000
15012,XiaomiPOCO F2 Pro,12,90:ca:fa:8b:13:b4,0,4614,175,8,7,3000
15139,XiaomiPOCO F2 Pro,12,90:ca:fa:8b:13:b4,0,4897,776,8,7,3000
15249,XiaomiPOCO F2 Pro,12,90:ca:fa:8b:13:b4,0,4575,99,8,7,3000
15359,XiaomiPOCO F2 Pro,12,90:ca:fa:8b:13:b4,0,4819,613,8,7,3000
15470,XiaomiPOCO F2 Pro,12,90:ca:fa:8b:13:b4,0,4761,524,8,7,3000
15584,XiaomiPOCO F2 Pro,12,90:ca:fa:8b:13:b4,0,5090,672,8,7,3000
15695,XiaomiPOCO F2 Pro,12,90:ca:fa:8b:13:b4,0,4477,201,8,7,3000
15821,XiaomiPOCO F2 Pro,12,90:ca:fa:8b:13:b4,0,4428,85,8,7,3000
15937,XiaomiPOCO F2 Pro,12,90:ca:fa:8b:13:b4,0,4614,71,8,7,3000
16053,XiaomiPOCO F2 Pro,12,90:ca:fa:8b:13:b4,0,5124,545,8,7,3000
16169,XiaomiPOCO F2 Pro,12,90:ca:fa:8b:13:b4,0,5009,747,8,7,3000
16287,XiaomiPOCO F2 Pro,12,90:ca:fa:8b:13:b4,0,4824,472,8,7,3000
16399,XiaomiPOCO F2 Pro,12,90:ca:fa:8b:13:b4,0,4428,60,8,7,3000
16518,XiaomiPOCO F2 Pro,12,90:ca:fa:8b:13:b4,0,5256,773,8,7,3000
16640,XiaomiPOCO F2 Pro,12,90:ca:fa:8b:13:b4,0,4658,479,8,7,3000
16762,XiaomiPOCO F2 Pro,12,90:ca:fa:8b:13:b4,0,4531,278,8,7,3000
16871,XiaomiPOCO F2 Pro,12,90:ca:fa:8b:13:b4,0,5258,639,8,7,3000
16994,XiaomiPOCO F2 Pro,12,90:ca:fa:8b:13:b4,0,5046,609,8,7,3000
17106,XiaomiPOCO F2 Pro,12,90:ca:fa:8b:13:b4,0,4738,450,8,7,3000
17230,XiaomiPOCO F2 Pro,12,90:ca:fa:8b:13:b4,0,4507,179,8,7,3000
17340,XiaomiPOCO F2 Pro,12,90:ca:fa:8b:13:b4,0,4428,143,8,7,3000
17455,XiaomiPOCO F2 Pro,12,90:ca:fa:8b:13:b4,0,5009,584,8,7,3000
17578,XiaomiPOCO F2 Pro,12,90:ca:fa:8b:13:b4,0,5039,545,8,7,3000
17698,XiaomiPOCO F2 Pro,12,90:ca:fa:8b:13:b4,0,4917,1168,8,7,3000
17810,XiaomiPOCO F2 Pro,12,90:ca:fa:8b:13:b4,0,4633,563,8,7,3000
17935,XiaomiPOCO F2 Pro,12,90:ca:fa:8b:13:b4,0,5244,616,8,7,3000
18052,XiaomiPOCO F2 Pro,12,90:ca:fa:8b:13:b4,0,4721,239,8,7,3000
18162,XiaomiPOCO F2 Pro,12,90:ca:fa:8b:13:b4,0,4687,498,8,7,3000
18284,XiaomiPOCO F2 Pro,12,90:ca:fa:8b:13:b4,0,5244,582,8,7,3000
18404,XiaomiPOCO F2 Pro,12,90:ca:fa:8b:13:b4,0,4624,608,8,7,3000
18529,XiaomiPOCO F2 Pro,12,90:ca:fa:8b:13:b4,0,4656,532,8,7,3000
18654,XiaomiPOCO F2 Pro,12,90:ca:fa:8b:13:b4,0,4438,109,8,7,3000
18784,XiaomiPOCO F2 Pro,12,90:ca:fa:8b:13:b4,0,4712,461,8,6,3000
18911,XiaomiPOCO F2 Pro,12,90:ca:fa:8b:13:b4,0,43975,706,8,7,3000
19039,XiaomiPOCO F2 Pro,12,90:ca:fa:8b:13:b4,0,4597,529,8,7,3000
19154,XiaomiPOCO F2 Pro,12,90:ca:fa:8b:13:b4,0,4692,458,8,7,3000
19275,XiaomiPOCO F2 Pro,12,90:ca:fa:8b:13:b4,0,4971,686,8,7,3000
19409,XiaomiPOCO F2 Pro,12,90:ca:fa:8b:13:b4,0,4882,615,8,7,3000
19533,XiaomiPOCO F2 Pro,12,90:ca:fa:8b:13:b4,0,4651,475,8,7,3000
19651,XiaomiPOCO F2 Pro,12,90:ca:fa:8b:13:b4,0,5176,677,8,7,3000
19772,XiaomiPOCO F2 Pro,12,90:ca:fa:8b:13:b4,0,5007,512,8,7,3000
19891,XiaomiPOCO F2 Pro,12,90:ca:fa:8b:13:b4,0,4714,561,8,7,3000
0,XiaomiPOCO F2 Pro,12,90:ca:fa:8b:13:b4,0,5483,142,8,7,4000
61,XiaomiPOCO F2 Pro,12,90:ca:fa:8b:13:b4,0,5327,166,8,7,4000
186,XiaomiPOCO F2 Pro,12,90:ca:fa:8b:13:b4,0,5590,153,8,7,4000
288,XiaomiPOCO F2 Pro,12,90:ca:fa:8b:13:b4,0,6369,545,8,7,4000
392,XiaomiPOCO F2 Pro,12,90:ca:fa:8b:13:b4,0,6547,495,8,7,4000
498,XiaomiPOCO F2 Pro,12,90:ca:fa:8b:13:b4,0,5825,618,8,7,4000
606,XiaomiPOCO F2 Pro,12,90:ca:fa:8b:13:b4,0,6054,642,8,7,4000
734,XiaomiPOCO F2 Pro,12,90:ca:fa:8b:13:b4,0,6435,553,8,7,4000
868,XiaomiPOCO F2 Pro,12,90:ca:fa:8b:13:b4,0,6313,251,8,7,4000
989,XiaomiPOCO F2 Pro,12,90:ca:fa:8b:13:b4,0,6069,508,8,7,4000
1128,XiaomiPOCO F2 Pro,12,90:ca:fa:8b:13:b4,0,5830,635,8,7,4000
1253,XiaomiPOCO F2 Pro,12,90:ca:fa:8b:13:b4,0,6284,668,8,7,4000
1364,XiaomiPOCO F2 Pro,12,90:ca:fa:8b:13:b4,0,6186,541,8,7,4000
1498,XiaomiPOCO F2 Pro,12,90:ca:fa:8b:13:b4,0,6093,726,8,7,4000
1618,XiaomiPOCO F2 Pro,12,90:ca:fa:8b:13:b4,0,5962,374,8,7,4000
1742,XiaomiPOCO F2 Pro,12,90:ca:fa:8b:13:b4,0,6001,431,8,7,4000
1872,XiaomiPOCO F2 Pro,12,90:ca:fa:8b:13:b4,0,5932,550,8,7,4000
2004,XiaomiPOCO F2 Pro,12,90:ca:fa:8b:13:b4,0,5630,135,8,7,4000
2124,XiaomiPOCO F2 Pro,12,90:ca:fa:8b:13:b4,0,6186,566,8,7,4000
2253,XiaomiPOCO F2 Pro,12,90:ca:fa:8b:13:b4,0,5288,71,8,7,4000
2365,XiaomiPOCO F2 Pro,12,90:ca:fa:8b:13:b4,0,6084,432,8,7,4000
2497,XiaomiPOCO F2 Pro,12,90:ca:fa:8b:13:b4,0,6071,688,8,7,4000
2613,XiaomiPOCO F2 Pro,12,90:ca:fa:8b:13:b4,0,5698,205,8,7,4000
2742,XiaomiPOCO F2 Pro,12,90:ca:fa:8b:13:b4,0,5725,469,8,7,4000
2871,XiaomiPOCO F2 Pro,12,90:ca:fa:8b:13:b4,0,5893,1098,8,7,4000
2997,XiaomiPOCO F2 Pro,12,90:ca:fa:8b:13:b4,0,5945,660,8,7,4000
3127,XiaomiPOCO F2 Pro,12,90:ca:fa:8b:13:b4,0,5808,382,8,7,4000
3263,XiaomiPOCO F2 Pro,12,90:ca:fa:8b:13:b4,0,6032,378,8,7,4000
3390,XiaomiPOCO F2 Pro,12,90:ca:fa:8b:13:b4,0,6401,183,8,7,4000
3508,XiaomiPOCO F2 Pro,12,90:ca:fa:8b:13:b4,0,5981,563,8,7,4000
3621,XiaomiPOCO F2 Pro,12,90:ca:fa:8b:13:b4,0,5424,35,8,7,4000
3739,XiaomiPOCO F2 Pro,12,90:ca:fa:8b:13:b4,0,5954,656,8,7,4000
3858,XiaomiPOCO F2 Pro,12,90:ca:fa:8b:13:b4,0,5930,526,8,7,4000
3981,XiaomiPOCO F2 Pro,12,90:ca:fa:8b:13:b4,0,5639,175,8,7,4000
4106,XiaomiPOCO F2 Pro,12,90:ca:fa:8b:13:b4,0,6076,779,8,7,4000
4225,XiaomiPOCO F2 Pro,12,90:ca:fa:8b:13:b4,0,6504,676,8,7,4000
4343,XiaomiPOCO F2 Pro,12,90:ca:fa:8b:13:b4,0,7514,161,8,7,4000
4462,XiaomiPOCO F2 Pro,12,90:ca:fa:8b:13:b4,0,6450,334,8,7,4000
4575,XiaomiPOCO F2 Pro,12,90:ca:fa:8b:13:b4,0,6540,481,8,7,4000
4698,XiaomiPOCO F2 Pro,12,90:ca:fa:8b:13:b4,0,6318,614,8,7,4000
4815,XiaomiPOCO F2 Pro,12,90:ca:fa:8b:13:b4,0,6194,471,8,7,4000
4923,XiaomiPOCO F2 Pro,12,90:ca:fa:8b:13:b4,0,6298,553,8,7,4000
5054,XiaomiPOCO F2 Pro,12,90:ca:fa:8b:13:b4,0,6504,299,8,7,4000
5186,XiaomiPOCO F2 Pro,12,90:ca:fa:8b:13:b4,0,5815,149,8,7,4000
5321,XiaomiPOCO F2 Pro,12,90:ca:fa:8b:13:b4,0,6035,635,8,7,4000
5454,XiaomiPOCO F2 Pro,12,90:ca:fa:8b:13:b4,0,6245,622,8,7,4000
5591,XiaomiPOCO F2 Pro,12,90:ca:fa:8b:13:b4,0,6150,514,8,7,4000
5714,XiaomiPOCO F2 Pro,12,90:ca:fa:8b:13:b4,0,6128,650,8,7,4000
5848,XiaomiPOCO F2 Pro,12,90:ca:fa:8b:13:b4,0,6599,570,8,7,4000
5976,XiaomiPOCO F2 Pro,12,90:ca:fa:8b:13:b4,0,6135,557,8,7,4000
6106,XiaomiPOCO F2 Pro,12,90:ca:fa:8b:13:b4,0,6552,706,8,7,4000
6244,XiaomiPOCO F2 Pro,12,90:ca:fa:8b:13:b4,0,5864,275,8,7,4000
6378,XiaomiPOCO F2 Pro,12,90:ca:fa:8b:13:b4,0,5808,486,8,7,4000
6509,XiaomiPOCO F2 Pro,12,90:ca:fa:8b:13:b4,0,5571,109,8,7,4000
6643,XiaomiPOCO F2 Pro,12,90:ca:fa:8b:13:b4,0,5698,236,8,7,4000
6767,XiaomiPOCO F2 Pro,12,90:ca:fa:8b:13:b4,0,6018,521,8,7,4000
6896,XiaomiPOCO F2 Pro,12,90:ca:fa:8b:13:b4,0,5561,127,8,7,4000
7029,XiaomiPOCO F2 Pro,12,90:ca:fa:8b:13:b4,0,5893,224,8,7,4000
7170,XiaomiPOCO F2 Pro,12,90:ca:fa:8b:13:b4,0,5571,245,8,7,4000
7290,XiaomiPOCO F2 Pro,12,90:ca:fa:8b:13:b4,0,6010,592,8,7,4000
7406,XiaomiPOCO F2 Pro,12,90:ca:fa:8b:13:b4,0,6460,110,8,7,4000
7523,XiaomiPOCO F2 Pro,12,90:ca:fa:8b:13:b4,0,5542,239,8,7,4000
7651,XiaomiPOCO F2 Pro,12,90:ca:fa:8b:13:b4,0,6091,484,8,7,4000
7778,XiaomiPOCO F2 Pro,12,90:ca:fa:8b:13:b4,0,5815,485,8,7,4000
7896,XiaomiPOCO F2 Pro,12,90:ca:fa:8b:13:b4,0,5727,489,8,7,4000
8014,XiaomiPOCO F2 Pro,12,90:ca:fa:8b:13:b4,0,6206,587,8,7,4000
8129,XiaomiPOCO F2 Pro,12,90:ca:fa:8b:13:b4,0,6118,187,8,7,4000
8255,XiaomiPOCO F2 Pro,12,90:ca:fa:8b:13:b4,0,6443,805,8,7,4000
8392,XiaomiPOCO F2 Pro,12,90:ca:fa:8b:13:b4,0,6079,394,8,7,4000
8521,XiaomiPOCO F2 Pro,12,90:ca:fa:8b:13:b4,0,6362,159,8,7,4000
8656,XiaomiPOCO F2 Pro,12,90:ca:fa:8b:13:b4,0,6211,668,8,7,4000
8787,XiaomiPOCO F2 Pro,12,90:ca:fa:8b:13:b4,0,5893,419,8,7,4000
8934,XiaomiPOCO F2 Pro,12,90:ca:fa:8b:13:b4,0,6421,782,8,7,4000
9069,XiaomiPOCO F2 Pro,12,90:ca:fa:8b:13:b4,0,5798,604,8,7,4000
9202,XiaomiPOCO F2 Pro,12,90:ca:fa:8b:13:b4,0,5976,691,8,7,4000
9338,XiaomiPOCO F2 Pro,12,90:ca:fa:8b:13:b4,0,5842,738,8,7,4000
9467,XiaomiPOCO F2 Pro,12,90:ca:fa:8b:13:b4,0,5805,490,8,7,4000
9578,XiaomiPOCO F2 Pro,12,90:ca:fa:8b:13:b4,0,6093,704,8,7,4000
9704,XiaomiPOCO F2 Pro,12,90:ca:fa:8b:13:b4,0,6098,714,8,7,4000
9837,XiaomiPOCO F2 Pro,12,90:ca:fa:8b:13:b4,0,5988,574,8,7,4000
9946,XiaomiPOCO F2 Pro,12,90:ca:fa:8b:13:b4,0,5791,474,8,7,4000
10063,XiaomiPOCO F2 Pro,12,90:ca:fa:8b:13:b4,0,6054,652,8,7,4000
10177,XiaomiPOCO F2 Pro,12,90:ca:fa:8b:13:b4,0,5945,695,8,7,4000
10301,XiaomiPOCO F2 Pro,12,90:ca:fa:8b:13:b4,0,6369,518,8,7,4000
10419,XiaomiPOCO F2 Pro,12,90:ca:fa:8b:13:b4,0,6423,655,8,7,4000
10534,XiaomiPOCO F2 Pro,12,90:ca:fa:8b:13:b4,0,6006,406,8,7,4000
10797,XiaomiPOCO F2 Pro,12,90:ca:fa:8b:13:b4,0,5932,612,8,7,4000
10897,XiaomiPOCO F2 Pro,12,90:ca:fa:8b:13:b4,0,5886,705,8,7,4000
10992,XiaomiPOCO F2 Pro,12,90:ca:fa:8b:13:b4,0,6286,582,8,7,4000
11082,XiaomiPOCO F2 Pro,12,90:ca:fa:8b:13:b4,0,5674,396,8,7,4000
11213,XiaomiPOCO F2 Pro,12,90:ca:fa:8b:13:b4,0,5923,135,8,7,4000
11305,XiaomiPOCO F2 Pro,12,90:ca:fa:8b:13:b4,0,5454,65,8,7,4000
11461,XiaomiPOCO F2 Pro,12,90:ca:fa:8b:13:b4,0,5959,641,8,7,4000
11542,XiaomiPOCO F2 Pro,12,90:ca:fa:8b:13:b4,0,5844,946,8,7,4000
11708,XiaomiPOCO F2 Pro,12,90:ca:fa:8b:13:b4,0,5813,513,8,7,4000
11849,XiaomiPOCO F2 Pro,12,90:ca:fa:8b:13:b4,0,5346,122,8,7,4000
11987,XiaomiPOCO F2 Pro,12,90:ca:fa:8b:13:b4,0,6120,753,8,7,4000
12145,XiaomiPOCO F2 Pro,12,90:ca:fa:8b:13:b4,0,5527,518,8,7,4000
12252,XiaomiPOCO F2 Pro,12,90:ca:fa:8b:13:b4,0,5696,605,8,7,4000
12409,XiaomiPOCO F2 Pro,12,90:ca:fa:8b:13:b4,0,5703,554,8,7,4000
12563,XiaomiPOCO F2 Pro,12,90:ca:fa:8b:13:b4,0,5922,691,8,7,4000
12716,XiaomiPOCO F2 Pro,12,90:ca:fa:8b:13:b4,0,5996,681,8,7,4000
12866,XiaomiPOCO F2 Pro,12,90:ca:fa:8b:13:b4,0,6076,457,8,7,4000
13022,XiaomiPOCO F2 Pro,12,90:ca:fa:8b:13:b4,0,5703,591,8,7,4000
13177,XiaomiPOCO F2 Pro,12,90:ca:fa:8b:13:b4,0,5835,681,8,7,4000
13330,XiaomiPOCO F2 Pro,12,90:ca:fa:8b:13:b4,0,6391,198,8,7,4000
13484,XiaomiPOCO F2 Pro,12,90:ca:fa:8b:13:b4,0,5561,102,8,7,4000
13638,XiaomiPOCO F2 Pro,12,90:ca:fa:8b:13:b4,0,5695,777,8,7,4000
13789,XiaomiPOCO F2 Pro,12,90:ca:fa:8b:13:b4,0,6069,182,8,7,4000
13945,XiaomiPOCO F2 Pro,12,90:ca:fa:8b:13:b4,0,5776,634,8,5,4000
14008,XiaomiPOCO F2 Pro,12,90:ca:fa:8b:13:b4,0,5703,480,8,7,4000
14073,XiaomiPOCO F2 Pro,12,90:ca:fa:8b:13:b4,0,6064,643,8,7,4000
14136,XiaomiPOCO F2 Pro,12,90:ca:fa:8b:13:b4,0,6164,731,8,7,4000
14195,XiaomiPOCO F2 Pro,12,90:ca:fa:8b:13:b4,0,5983,486,8,7,4000
14257,XiaomiPOCO F2 Pro,12,90:ca:fa:8b:13:b4,0,8130,533,8,7,4000
14319,XiaomiPOCO F2 Pro,12,90:ca:fa:8b:13:b4,0,5590,516,8,7,4000
14386,XiaomiPOCO F2 Pro,12,90:ca:fa:8b:13:b4,0,5683,454,8,7,4000
14453,XiaomiPOCO F2 Pro,12,90:ca:fa:8b:13:b4,0,5707,133,8,7,4000
14513,XiaomiPOCO F2 Pro,12,90:ca:fa:8b:13:b4,0,5522,1429,8,7,4000
14573,XiaomiPOCO F2 Pro,12,90:ca:fa:8b:13:b4,0,6582,161,8,7,4000
14636,XiaomiPOCO F2 Pro,12,90:ca:fa:8b:13:b4,0,6047,994,8,7,4000
14706,XiaomiPOCO F2 Pro,12,90:ca:fa:8b:13:b4,0,5544,609,8,7,4000
14777,XiaomiPOCO F2 Pro,12,90:ca:fa:8b:13:b4,0,5871,624,8,7,4000
14859,XiaomiPOCO F2 Pro,12,90:ca:fa:8b:13:b4,0,6076,620,8,7,4000
14965,XiaomiPOCO F2 Pro,12,90:ca:fa:8b:13:b4,0,5805,92,8,7,4000
15095,XiaomiPOCO F2 Pro,12,90:ca:fa:8b:13:b4,0,5937,43,8,7,4000
15230,XiaomiPOCO F2 Pro,12,90:ca:fa:8b:13:b4,0,5805,112,8,7,4000
15357,XiaomiPOCO F2 Pro,12,90:ca:fa:8b:13:b4,0,6040,336,8,7,4000
15473,XiaomiPOCO F2 Pro,12,90:ca:fa:8b:13:b4,0,5913,217,8,7,4000
15595,XiaomiPOCO F2 Pro,12,90:ca:fa:8b:13:b4,0,6245,264,8,7,4000
15734,XiaomiPOCO F2 Pro,12,90:ca:fa:8b:13:b4,0,5815,473,8,7,4000
15871,XiaomiPOCO F2 Pro,12,90:ca:fa:8b:13:b4,0,5493,456,8,7,4000
15988,XiaomiPOCO F2 Pro,12,90:ca:fa:8b:13:b4,0,6152,731,8,7,4000
16103,XiaomiPOCO F2 Pro,12,90:ca:fa:8b:13:b4,0,6118,687,8,7,4000
16231,XiaomiPOCO F2 Pro,12,90:ca:fa:8b:13:b4,0,6113,565,8,7,4000
16361,XiaomiPOCO F2 Pro,12,90:ca:fa:8b:13:b4,0,6523,671,8,7,4000
16506,XiaomiPOCO F2 Pro,12,90:ca:fa:8b:13:b4,0,6240,719,8,7,4000
16628,XiaomiPOCO F2 Pro,12,90:ca:fa:8b:13:b4,0,5903,149,8,7,4000
16749,XiaomiPOCO F2 Pro,12,90:ca:fa:8b:13:b4,0,5922,475,8,7,4000
16895,XiaomiPOCO F2 Pro,12,90:ca:fa:8b:13:b4,0,5922,92,8,7,4000
17009,XiaomiPOCO F2 Pro,12,90:ca:fa:8b:13:b4,0,6230,626,8,7,4000
17127,XiaomiPOCO F2 Pro,12,90:ca:fa:8b:13:b4,0,5837,458,8,7,4000
17253,XiaomiPOCO F2 Pro,12,90:ca:fa:8b:13:b4,0,5842,564,8,7,4000
17371,XiaomiPOCO F2 Pro,12,90:ca:fa:8b:13:b4,0,5737,80,8,7,4000
17507,XiaomiPOCO F2 Pro,12,90:ca:fa:8b:13:b4,0,6186,575,8,7,4000
17632,XiaomiPOCO F2 Pro,12,90:ca:fa:8b:13:b4,0,5886,382,8,7,4000
17752,XiaomiPOCO F2 Pro,12,90:ca:fa:8b:13:b4,0,6106,724,8,7,4000
17891,XiaomiPOCO F2 Pro,12,90:ca:fa:8b:13:b4,0,6284,135,8,7,4000
18014,XiaomiPOCO F2 Pro,12,90:ca:fa:8b:13:b4,0,6196,636,8,7,4000
18133,XiaomiPOCO F2 Pro,12,90:ca:fa:8b:13:b4,0,6442,608,8,7,4000
18252,XiaomiPOCO F2 Pro,12,90:ca:fa:8b:13:b4,0,6420,796,8,7,4000
18368,XiaomiPOCO F2 Pro,12,90:ca:fa:8b:13:b4,0,5991,752,8,7,4000
18484,XiaomiPOCO F2 Pro,12,90:ca:fa:8b:13:b4,0,5732,469,8,7,4000
18603,XiaomiPOCO F2 Pro,12,90:ca:fa:8b:13:b4,0,6525,759,8,7,4000
18720,XiaomiPOCO F2 Pro,12,90:ca:fa:8b:13:b4,0,5637,410,8,7,4000
18849,XiaomiPOCO F2 Pro,12,90:ca:fa:8b:13:b4,0,5725,446,8,7,4000
18967,XiaomiPOCO F2 Pro,12,90:ca:fa:8b:13:b4,0,5786,153,8,7,4000
19086,XiaomiPOCO F2 Pro,12,90:ca:fa:8b:13:b4,0,5659,365,8,7,4000
19200,XiaomiPOCO F2 Pro,12,90:ca:fa:8b:13:b4,0,5893,107,8,7,4000
19326,XiaomiPOCO F2 Pro,12,90:ca:fa:8b:13:b4,0,5878,806,8,7,4000
19455,XiaomiPOCO F2 Pro,12,90:ca:fa:8b:13:b4,0,6054,106,8,7,4000
19568,XiaomiPOCO F2 Pro,12,90:ca:fa:8b:13:b4,0,5727,417,8,7,4000
19698,XiaomiPOCO F2 Pro,12,90:ca:fa:8b:13:b4,0,5991,161,8,7,4000
19828,XiaomiPOCO F2 Pro,12,90:ca:fa:8b:13:b4,0,6059,303,8,7,4000
0,XiaomiPOCO F2 Pro,12,90:ca:fa:8b:13:b4,0,5815,207,8,7,5000
57,XiaomiPOCO F2 Pro,12,90:ca:fa:8b:13:b4,0,6206,616,8,7,5000
192,XiaomiPOCO F2 Pro,12,90:ca:fa:8b:13:b4,0,6640,554,8,7,5000
293,XiaomiPOCO F2 Pro,12,90:ca:fa:8b:13:b4,0,6504,522,8,7,5000
401,XiaomiPOCO F2 Pro,12,90:ca:fa:8b:13:b4,0,6789,775,8,7,5000
509,XiaomiPOCO F2 Pro,12,90:ca:fa:8b:13:b4,0,7556,636,8,7,5000
628,XiaomiPOCO F2 Pro,12,90:ca:fa:8b:13:b4,0,7299,647,8,7,5000
748,XiaomiPOCO F2 Pro,12,90:ca:fa:8b:13:b4,0,7461,570,8,7,5000
890,XiaomiPOCO F2 Pro,12,90:ca:fa:8b:13:b4,0,6980,294,8,7,5000
1003,XiaomiPOCO F2 Pro,12,90:ca:fa:8b:13:b4,0,6943,646,8,7,5000
1121,XiaomiPOCO F2 Pro,12,90:ca:fa:8b:13:b4,0,6877,596,8,7,5000
1233,XiaomiPOCO F2 Pro,12,90:ca:fa:8b:13:b4,0,7270,147,8,7,5000
1361,XiaomiPOCO F2 Pro,12,90:ca:fa:8b:13:b4,0,7016,480,8,7,5000
1472,XiaomiPOCO F2 Pro,12,90:ca:fa:8b:13:b4,0,6633,404,8,7,5000
1585,XiaomiPOCO F2 Pro,12,90:ca:fa:8b:13:b4,0,7190,510,8,7,5000
1706,XiaomiPOCO F2 Pro,12,90:ca:fa:8b:13:b4,0,7148,594,8,7,5000
1833,XiaomiPOCO F2 Pro,12,90:ca:fa:8b:13:b4,0,7089,747,8,6,5000
1964,XiaomiPOCO F2 Pro,12,90:ca:fa:8b:13:b4,0,7031,672,8,7,5000
2074,XiaomiPOCO F2 Pro,12,90:ca:fa:8b:13:b4,0,7212,678,8,7,5000
2193,XiaomiPOCO F2 Pro,12,90:ca:fa:8b:13:b4,0,7507,745,8,7,5000
2299,XiaomiPOCO F2 Pro,12,90:ca:fa:8b:13:b4,0,7287,636,8,7,5000
2409,XiaomiPOCO F2 Pro,12,90:ca:fa:8b:13:b4,0,7316,664,8,7,5000
2523,XiaomiPOCO F2 Pro,12,90:ca:fa:8b:13:b4,0,6757,462,8,7,5000
2655,XiaomiPOCO F2 Pro,12,90:ca:fa:8b:13:b4,0,46133,658,8,6,5000
2775,XiaomiPOCO F2 Pro,12,90:ca:fa:8b:13:b4,0,7221,82,8,7,5000
2894,XiaomiPOCO F2 Pro,12,90:ca:fa:8b:13:b4,0,7141,624,8,7,5000
3013,XiaomiPOCO F2 Pro,12,90:ca:fa:8b:13:b4,0,6987,786,8,7,5000
3133,XiaomiPOCO F2 Pro,12,90:ca:fa:8b:13:b4,0,6909,614,8,7,5000
3241,XiaomiPOCO F2 Pro,12,90:ca:fa:8b:13:b4,0,7368,525,8,7,5000
3356,XiaomiPOCO F2 Pro,12,90:ca:fa:8b:13:b4,0,7133,517,8,7,5000
3474,XiaomiPOCO F2 Pro,12,90:ca:fa:8b:13:b4,0,7114,402,8,7,5000
3583,XiaomiPOCO F2 Pro,12,90:ca:fa:8b:13:b4,0,6867,443,8,7,5000
3688,XiaomiPOCO F2 Pro,12,90:ca:fa:8b:13:b4,0,6994,675,8,7,5000
3813,XiaomiPOCO F2 Pro,12,90:ca:fa:8b:13:b4,0,7299,802,8,7,5000
3927,XiaomiPOCO F2 Pro,12,90:ca:fa:8b:13:b4,0,7143,92,8,7,5000
4045,XiaomiPOCO F2 Pro,12,90:ca:fa:8b:13:b4,0,7636,712,8,7,5000
4167,XiaomiPOCO F2 Pro,12,90:ca:fa:8b:13:b4,0,7251,829,8,7,5000
4275,XiaomiPOCO F2 Pro,12,90:ca:fa:8b:13:b4,0,7309,546,8,7,5000
4393,XiaomiPOCO F2 Pro,12,90:ca:fa:8b:13:b4,0,7043,662,8,7,5000
4513,XiaomiPOCO F2 Pro,12,90:ca:fa:8b:13:b4,0,6782,295,8,7,5000
4627,XiaomiPOCO F2 Pro,12,90:ca:fa:8b:13:b4,0,7412,671,8,7,5000
4746,XiaomiPOCO F2 Pro,12,90:ca:fa:8b:13:b4,0,7331,583,8,7,5000
4867,XiaomiPOCO F2 Pro,12,90:ca:fa:8b:13:b4,0,6897,427,8,7,5000
4978,XiaomiPOCO F2 Pro,12,90:ca:fa:8b:13:b4,0,7309,649,8,7,5000
5103,XiaomiPOCO F2 Pro,12,90:ca:fa:8b:13:b4,0,7104,717,8,7,5000
5214,XiaomiPOCO F2 Pro,12,90:ca:fa:8b:13:b4,0,6811,796,8,7,5000
5335,XiaomiPOCO F2 Pro,12,90:ca:fa:8b:13:b4,0,7204,670,8,7,5000
5459,XiaomiPOCO F2 Pro,12,90:ca:fa:8b:13:b4,0,7072,669,8,7,5000
5563,XiaomiPOCO F2 Pro,12,90:ca:fa:8b:13:b4,0,6992,735,8,7,5000
5683,XiaomiPOCO F2 Pro,12,90:ca:fa:8b:13:b4,0,6904,498,8,7,5000
5814,XiaomiPOCO F2 Pro,12,90:ca:fa:8b:13:b4,0,7477,594,8,7,5000
5948,XiaomiPOCO F2 Pro,12,90:ca:fa:8b:13:b4,0,7477,632,8,7,5000
6077,XiaomiPOCO F2 Pro,12,90:ca:fa:8b:13:b4,0,6994,695,8,7,5000
6195,XiaomiPOCO F2 Pro,12,90:ca:fa:8b:13:b4,0,7021,792,8,7,5000
6305,XiaomiPOCO F2 Pro,12,90:ca:fa:8b:13:b4,0,6936,597,8,7,5000
6431,XiaomiPOCO F2 Pro,12,90:ca:fa:8b:13:b4,0,6818,412,8,7,5000
6543,XiaomiPOCO F2 Pro,12,90:ca:fa:8b:13:b4,0,7214,675,8,7,5000
6656,XiaomiPOCO F2 Pro,12,90:ca:fa:8b:13:b4,0,7045,627,8,7,5000
6781,XiaomiPOCO F2 Pro,12,90:ca:fa:8b:13:b4,0,7280,726,8,7,5000
6956,XiaomiPOCO F2 Pro,12,90:ca:fa:8b:13:b4,0,6899,66,8,4,5000
7047,XiaomiPOCO F2 Pro,12,90:ca:fa:8b:13:b4,0,6772,468,8,7,5000
7147,XiaomiPOCO F2 Pro,12,90:ca:fa:8b:13:b4,0,6643,533,8,7,5000
7237,XiaomiPOCO F2 Pro,12,90:ca:fa:8b:13:b4,0,7139,651,8,7,5000
7374,XiaomiPOCO F2 Pro,12,90:ca:fa:8b:13:b4,0,6630,658,8,7,5000
7514,XiaomiPOCO F2 Pro,12,90:ca:fa:8b:13:b4,0,7148,636,8,7,5000
7607,XiaomiPOCO F2 Pro,12,90:ca:fa:8b:13:b4,0,7045,125,8,7,5000
7757,XiaomiPOCO F2 Pro,12,90:ca:fa:8b:13:b4,0,7026,802,8,7,5000
7912,XiaomiPOCO F2 Pro,12,90:ca:fa:8b:13:b4,0,6547,600,8,7,5000
8067,XiaomiPOCO F2 Pro,12,90:ca:fa:8b:13:b4,0,7031,640,8,7,5000
8225,XiaomiPOCO F2 Pro,12,90:ca:fa:8b:13:b4,0,6525,497,8,7,5000
8375,XiaomiPOCO F2 Pro,12,90:ca:fa:8b:13:b4,0,6774,534,8,7,5000
8534,XiaomiPOCO F2 Pro,12,90:ca:fa:8b:13:b4,0,6899,691,8,7,5000
8696,XiaomiPOCO F2 Pro,12,90:ca:fa:8b:13:b4,0,6958,511,8,7,5000
8853,XiaomiPOCO F2 Pro,12,90:ca:fa:8b:13:b4,0,6921,555,8,7,5000
9010,XiaomiPOCO F2 Pro,12,90:ca:fa:8b:13:b4,0,6665,485,8,7,5000
9165,XiaomiPOCO F2 Pro,12,90:ca:fa:8b:13:b4,0,6760,503,8,7,5000
9316,XiaomiPOCO F2 Pro,12,90:ca:fa:8b:13:b4,0,6855,625,8,7,5000
9472,XiaomiPOCO F2 Pro,12,90:ca:fa:8b:13:b4,0,7016,632,8,7,5000
9624,XiaomiPOCO F2 Pro,12,90:ca:fa:8b:13:b4,0,6965,780,8,7,5000
9778,XiaomiPOCO F2 Pro,12,90:ca:fa:8b:13:b4,0,6672,366,8,7,5000
9933,XiaomiPOCO F2 Pro,12,90:ca:fa:8b:13:b4,0,7309,685,8,7,5000
10087,XiaomiPOCO F2 Pro,12,90:ca:fa:8b:13:b4,0,6804,556,8,7,5000
10247,XiaomiPOCO F2 Pro,12,90:ca:fa:8b:13:b4,0,6928,644,8,5,5000
10310,XiaomiPOCO F2 Pro,12,90:ca:fa:8b:13:b4,0,6738,698,8,7,5000
10371,XiaomiPOCO F2 Pro,12,90:ca:fa:8b:13:b4,0,7097,552,8,7,5000
10432,XiaomiPOCO F2 Pro,12,90:ca:fa:8b:13:b4,0,7514,207,8,7,5000
10493,XiaomiPOCO F2 Pro,12,90:ca:fa:8b:13:b4,0,6811,680,8,7,5000
10553,XiaomiPOCO F2 Pro,12,90:ca:fa:8b:13:b4,0,6743,68,8,7,5000
10614,XiaomiPOCO F2 Pro,12,90:ca:fa:8b:13:b4,0,7214,1719,8,7,5000
10688,XiaomiPOCO F2 Pro,12,90:ca:fa:8b:13:b4,0,6664,588,8,7,5000
10747,XiaomiPOCO F2 Pro,12,90:ca:fa:8b:13:b4,0,6838,419,8,7,5000
10811,XiaomiPOCO F2 Pro,12,90:ca:fa:8b:13:b4,0,7319,1282,8,7,5000
10876,XiaomiPOCO F2 Pro,12,90:ca:fa:8b:13:b4,0,7475,126,8,7,5000
10936,XiaomiPOCO F2 Pro,12,90:ca:fa:8b:13:b4,0,6794,553,8,7,5000
10995,XiaomiPOCO F2 Pro,12,90:ca:fa:8b:13:b4,0,5632,610,8,7,5000
11053,XiaomiPOCO F2 Pro,12,90:ca:fa:8b:13:b4,0,6906,489,8,7,5000
11113,XiaomiPOCO F2 Pro,12,90:ca:fa:8b:13:b4,0,6606,769,8,7,5000
11173,XiaomiPOCO F2 Pro,12,90:ca:fa:8b:13:b4,0,6772,375,8,7,5000
11290,XiaomiPOCO F2 Pro,12,90:ca:fa:8b:13:b4,0,6643,465,8,7,5000
11415,XiaomiPOCO F2 Pro,12,90:ca:fa:8b:13:b4,0,6821,240,8,7,5000
11522,XiaomiPOCO F2 Pro,12,90:ca:fa:8b:13:b4,0,7131,766,8,7,5000
11640,XiaomiPOCO F2 Pro,12,90:ca:fa:8b:13:b4,0,7453,655,8,7,5000
11760,XiaomiPOCO F2 Pro,12,90:ca:fa:8b:13:b4,0,6884,674,8,7,5000
11875,XiaomiPOCO F2 Pro,12,90:ca:fa:8b:13:b4,0,7285,546,8,7,5000
11997,XiaomiPOCO F2 Pro,12,90:ca:fa:8b:13:b4,0,7329,225,8,7,5000
12118,XiaomiPOCO F2 Pro,12,90:ca:fa:8b:13:b4,0,7446,711,8,7,5000
12251,XiaomiPOCO F2 Pro,12,90:ca:fa:8b:13:b4,0,7087,421,8,7,5000
12389,XiaomiPOCO F2 Pro,12,90:ca:fa:8b:13:b4,0,7497,640,8,7,5000
12521,XiaomiPOCO F2 Pro,12,90:ca:fa:8b:13:b4,0,7036,220,8,7,5000
12654,XiaomiPOCO F2 Pro,12,90:ca:fa:8b:13:b4,0,7571,507,8,7,5000
12791,XiaomiPOCO F2 Pro,12,90:ca:fa:8b:13:b4,0,7409,524,8,7,5000
12919,XiaomiPOCO F2 Pro,12,90:ca:fa:8b:13:b4,0,6796,546,8,7,5000
13056,XiaomiPOCO F2 Pro,12,90:ca:fa:8b:13:b4,0,6943,572,8,7,5000
13195,XiaomiPOCO F2 Pro,12,90:ca:fa:8b:13:b4,0,7375,651,8,7,5000
13319,XiaomiPOCO F2 Pro,12,90:ca:fa:8b:13:b4,0,7710,349,8,7,5000
13437,XiaomiPOCO F2 Pro,12,90:ca:fa:8b:13:b4,0,7148,555,8,7,5000
13536,XiaomiPOCO F2 Pro,12,90:ca:fa:8b:13:b4,0,7095,655,8,7,5000
13651,XiaomiPOCO F2 Pro,12,90:ca:fa:8b:13:b4,0,7522,550,8,7,5000
13769,XiaomiPOCO F2 Pro,12,90:ca:fa:8b:13:b4,0,7395,649,8,7,5000
13879,XiaomiPOCO F2 Pro,12,90:ca:fa:8b:13:b4,0,7095,558,8,7,5000
14003,XiaomiPOCO F2 Pro,12,90:ca:fa:8b:13:b4,0,6801,524,8,7,5000
14116,XiaomiPOCO F2 Pro,12,90:ca:fa:8b:13:b4,0,6948,110,8,7,5000
14244,XiaomiPOCO F2 Pro,12,90:ca:fa:8b:13:b4,0,6850,598,8,7,5000
14373,XiaomiPOCO F2 Pro,12,90:ca:fa:8b:13:b4,0,6657,448,8,7,5000
14484,XiaomiPOCO F2 Pro,12,90:ca:fa:8b:13:b4,0,7141,649,8,7,5000
14610,XiaomiPOCO F2 Pro,12,90:ca:fa:8b:13:b4,0,6992,793,8,7,5000
14748,XiaomiPOCO F2 Pro,12,90:ca:fa:8b:13:b4,0,6821,146,8,7,5000
14869,XiaomiPOCO F2 Pro,12,90:ca:fa:8b:13:b4,0,7036,39,8,7,5000
14995,XiaomiPOCO F2 Pro,12,90:ca:fa:8b:13:b4,0,7173,168,8,7,5000
15127,XiaomiPOCO F2 Pro,12,90:ca:fa:8b:13:b4,0,6391,276,8,7,5000
15234,XiaomiPOCO F2 Pro,12,90:ca:fa:8b:13:b4,0,6938,538,8,7,5000
15362,XiaomiPOCO F2 Pro,12,90:ca:fa:8b:13:b4,0,6870,433,8,7,5000
15493,XiaomiPOCO F2 Pro,12,90:ca:fa:8b:13:b4,0,7131,666,8,7,5000
15601,XiaomiPOCO F2 Pro,12,90:ca:fa:8b:13:b4,0,6687,430,8,7,5000
15721,XiaomiPOCO F2 Pro,12,90:ca:fa:8b:13:b4,0,7365,661,8,7,5000
15835,XiaomiPOCO F2 Pro,12,90:ca:fa:8b:13:b4,0,6831,551,8,7,5000
15959,XiaomiPOCO F2 Pro,12,90:ca:fa:8b:13:b4,0,6992,544,8,7,5000
16077,XiaomiPOCO F2 Pro,12,90:ca:fa:8b:13:b4,0,7153,818,8,7,5000
16192,XiaomiPOCO F2 Pro,12,90:ca:fa:8b:13:b4,0,7226,668,8,7,5000
16313,XiaomiPOCO F2 Pro,12,90:ca:fa:8b:13:b4,0,7131,663,8,7,5000
16432,XiaomiPOCO F2 Pro,12,90:ca:fa:8b:13:b4,0,7234,684,8,7,5000
16572,XiaomiPOCO F2 Pro,12,90:ca:fa:8b:13:b4,0,6926,675,8,7,5000
16699,XiaomiPOCO F2 Pro,12,90:ca:fa:8b:13:b4,0,6714,741,8,7,5000
16811,XiaomiPOCO F2 Pro,12,90:ca:fa:8b:13:b4,0,7036,518,8,7,5000
16935,XiaomiPOCO F2 Pro,12,90:ca:fa:8b:13:b4,0,6789,303,8,7,5000
17069,XiaomiPOCO F2 Pro,12,90:ca:fa:8b:13:b4,0,7016,481,8,7,5000
17202,XiaomiPOCO F2 Pro,12,90:ca:fa:8b:13:b4,0,6921,717,8,7,5000
17338,XiaomiPOCO F2 Pro,12,90:ca:fa:8b:13:b4,0,6994,490,8,7,5000
17469,XiaomiPOCO F2 Pro,12,90:ca:fa:8b:13:b4,0,6823,463,8,7,5000
17604,XiaomiPOCO F2 Pro,12,90:ca:fa:8b:13:b4,0,7163,860,8,7,5000
17734,XiaomiPOCO F2 Pro,12,90:ca:fa:8b:13:b4,0,7065,459,8,7,5000
17851,XiaomiPOCO F2 Pro,12,90:ca:fa:8b:13:b4,0,7029,592,8,7,5000
17961,XiaomiPOCO F2 Pro,12,90:ca:fa:8b:13:b4,0,6882,581,8,7,5000
18087,XiaomiPOCO F2 Pro,12,90:ca:fa:8b:13:b4,0,6926,596,8,7,5000
18188,XiaomiPOCO F2 Pro,12,90:ca:fa:8b:13:b4,0,7087,496,8,7,5000
18318,XiaomiPOCO F2 Pro,12,90:ca:fa:8b:13:b4,0,7412,696,8,7,5000
18440,XiaomiPOCO F2 Pro,12,90:ca:fa:8b:13:b4,0,7058,421,8,7,5000
18562,XiaomiPOCO F2 Pro,12,90:ca:fa:8b:13:b4,0,7075,687,8,7,5000
18701,XiaomiPOCO F2 Pro,12,90:ca:fa:8b:13:b4,0,7456,463,8,7,5000
18826,XiaomiPOCO F2 Pro,12,90:ca:fa:8b:13:b4,0,6809,568,8,7,5000
18950,XiaomiPOCO F2 Pro,12,90:ca:fa:8b:13:b4,0,7124,751,8,7,5000
19074,XiaomiPOCO F2 Pro,12,90:ca:fa:8b:13:b4,0,7161,466,8,7,5000
19191,XiaomiPOCO F2 Pro,12,90:ca:fa:8b:13:b4,0,7053,689,8,7,5000
19305,XiaomiPOCO F2 Pro,12,90:ca:fa:8b:13:b4,0,7138,694,8,7,5000
19444,XiaomiPOCO F2 Pro,12,90:ca:fa:8b:13:b4,0,7424,536,8,7,5000
19574,XiaomiPOCO F2 Pro,12,90:ca:fa:8b:13:b4,0,6987,735,8,7,5000
19693,XiaomiPOCO F2 Pro,12,90:ca:fa:8b:13:b4,0,7329,597,8,7,5000
19809,XiaomiPOCO F2 Pro,12,90:ca:fa:8b:13:b4,0,7060,469,8,7,5000
19923,XiaomiPOCO F2 Pro,12,90:ca:fa:8b:13:b4,0,6987,728,8,7,5000
0,XiaomiPOCO F2 Pro,12,90:ca:fa:8b:13:b4,0,4282,355,8,7,2500
174,XiaomiPOCO F2 Pro,12,90:ca:fa:8b:13:b4,0,4428,615,8,7,2500
277,XiaomiPOCO F2 Pro,12,90:ca:fa:8b:13:b4,0,4839,760,8,7,2500
392,XiaomiPOCO F2 Pro,12,90:ca:fa:8b:13:b4,0,4604,649,8,7,2500
511,XiaomiPOCO F2 Pro,12,90:ca:fa:8b:13:b4,0,4468,311,8,7,2500
625,XiaomiPOCO F2 Pro,12,90:ca:fa:8b:13:b4,0,4414,495,8,7,2500
742,XiaomiPOCO F2 Pro,12,90:ca:fa:8b:13:b4,0,5002,822,8,7,2500
849,XiaomiPOCO F2 Pro,12,90:ca:fa:8b:13:b4,0,4614,547,8,7,2500
969,XiaomiPOCO F2 Pro,12,90:ca:fa:8b:13:b4,0,4677,671,8,7,2500
1085,XiaomiPOCO F2 Pro,12,90:ca:fa:8b:13:b4,0,4599,604,8,7,2500
1194,XiaomiPOCO F2 Pro,12,90:ca:fa:8b:13:b4,0,4477,139,8,7,2500
1315,XiaomiPOCO F2 Pro,12,90:ca:fa:8b:13:b4,0,4331,630,8,7,2500
1430,XiaomiPOCO F2 Pro,12,90:ca:fa:8b:13:b4,0,4736,753,8,7,2500
1555,XiaomiPOCO F2 Pro,12,90:ca:fa:8b:13:b4,0,4304,531,8,7,2500
1670,XiaomiPOCO F2 Pro,12,90:ca:fa:8b:13:b4,0,4687,512,8,7,2500
1785,XiaomiPOCO F2 Pro,12,90:ca:fa:8b:13:b4,0,4360,631,8,7,2500
1904,XiaomiPOCO F2 Pro,12,90:ca:fa:8b:13:b4,0,4751,697,8,7,2500
2018,XiaomiPOCO F2 Pro,12,90:ca:fa:8b:13:b4,0,4643,612,8,7,2500
2137,XiaomiPOCO F2 Pro,12,90:ca:fa:8b:13:b4,0,4460,821,8,7,2500
2259,XiaomiPOCO F2 Pro,12,90:ca:fa:8b:13:b4,0,4511,767,8,7,2500
2444,XiaomiPOCO F2 Pro,12,90:ca:fa:8b:13:b4,0,5403,72,8,5,2500
2534,XiaomiPOCO F2 Pro,12,90:ca:fa:8b:13:b4,0,4414,659,8,7,2500
2622,XiaomiPOCO F2 Pro,12,90:ca:fa:8b:13:b4,0,4419,359,8,7,2500
2714,XiaomiPOCO F2 Pro,12,90:ca:fa:8b:13:b4,0,4669,691,8,7,2500
2852,XiaomiPOCO F2 Pro,12,90:ca:fa:8b:13:b4,0,4253,606,8,7,2500
2939,XiaomiPOCO F2 Pro,12,90:ca:fa:8b:13:b4,0,4384,326,8,7,2500
3078,XiaomiPOCO F2 Pro,12,90:ca:fa:8b:13:b4,0,4209,450,8,7,2500
3212,XiaomiPOCO F2 Pro,12,90:ca:fa:8b:13:b4,0,4436,491,8,7,2500
3321,XiaomiPOCO F2 Pro,12,90:ca:fa:8b:13:b4,0,4121,370,8,7,2500
3501,XiaomiPOCO F2 Pro,12,90:ca:fa:8b:13:b4,0,4243,470,8,7,2500
3567,XiaomiPOCO F2 Pro,12,90:ca:fa:8b:13:b4,0,4084,566,8,7,2500
3644,XiaomiPOCO F2 Pro,12,90:ca:fa:8b:13:b4,0,4497,561,8,7,2500
3755,XiaomiPOCO F2 Pro,12,90:ca:fa:8b:13:b4,0,4563,661,8,7,2500
3882,XiaomiPOCO F2 Pro,12,90:ca:fa:8b:13:b4,0,4311,496,8,7,2500
3999,XiaomiPOCO F2 Pro,12,90:ca:fa:8b:13:b4,0,4663,726,8,7,2500
4109,XiaomiPOCO F2 Pro,12,90:ca:fa:8b:13:b4,0,4243,660,8,7,2500
4233,XiaomiPOCO F2 Pro,12,90:ca:fa:8b:13:b4,0,4699,592,8,7,2500
4344,XiaomiPOCO F2 Pro,12,90:ca:fa:8b:13:b4,0,4414,644,8,7,2500
4466,XiaomiPOCO F2 Pro,12,90:ca:fa:8b:13:b4,0,4319,616,8,7,2500
4582,XiaomiPOCO F2 Pro,12,90:ca:fa:8b:13:b4,0,4721,658,8,7,2500
4695,XiaomiPOCO F2 Pro,12,90:ca:fa:8b:13:b4,0,4509,474,8,7,2500
4816,XiaomiPOCO F2 Pro,12,90:ca:fa:8b:13:b4,0,4594,795,8,7,2500
4927,XiaomiPOCO F2 Pro,12,90:ca:fa:8b:13:b4,0,4721,461,8,7,2500
5042,XiaomiPOCO F2 Pro,12,90:ca:fa:8b:13:b4,0,4421,332,8,7,2500
5158,XiaomiPOCO F2 Pro,12,90:ca:fa:8b:13:b4,0,4606,777,8,7,2500
5272,XiaomiPOCO F2 Pro,12,90:ca:fa:8b:13:b4,0,4270,473,8,7,2500
5397,XiaomiPOCO F2 Pro,12,90:ca:fa:8b:13:b4,0,4875,681,8,7,2500
5522,XiaomiPOCO F2 Pro,12,90:ca:fa:8b:13:b4,0,5473,264,8,7,2500
5637,XiaomiPOCO F2 Pro,12,90:ca:fa:8b:13:b4,0,4663,570,8,7,2500
5753,XiaomiPOCO F2 Pro,12,90:ca:fa:8b:13:b4,0,4538,590,8,7,2500
5867,XiaomiPOCO F2 Pro,12,90:ca:fa:8b:13:b4,0,4672,561,8,7,2500
5989,XiaomiPOCO F2 Pro,12,90:ca:fa:8b:13:b4,0,4782,628,8,7,2500
6105,XiaomiPOCO F2 Pro,12,90:ca:fa:8b:13:b4,0,5022,789,8,7,2500
6225,XiaomiPOCO F2 Pro,12,90:ca:fa:8b:13:b4,0,5014,712,8,7,2500
6339,XiaomiPOCO F2 Pro,12,90:ca:fa:8b:13:b4,0,4548,681,8,7,2500
6462,XiaomiPOCO F2 Pro,12,90:ca:fa:8b:13:b4,0,4897,637,8,7,2500
6590,XiaomiPOCO F2 Pro,12,90:ca:fa:8b:13:b4,0,4465,544,8,7,2500
6706,XiaomiPOCO F2 Pro,12,90:ca:fa:8b:13:b4,0,4326,501,8,7,2500
6824,XiaomiPOCO F2 Pro,12,90:ca:fa:8b:13:b4,0,4707,821,8,7,2500
6943,XiaomiPOCO F2 Pro,12,90:ca:fa:8b:13:b4,0,4348,437,8,7,2500
7061,XiaomiPOCO F2 Pro,12,90:ca:fa:8b:13:b4,0,4380,433,8,7,2500
7173,XiaomiPOCO F2 Pro,12,90:ca:fa:8b:13:b4,0,4614,481,8,7,2500
7289,XiaomiPOCO F2 Pro,12,90:ca:fa:8b:13:b4,0,4524,683,8,7,2500
7413,XiaomiPOCO F2 Pro,12,90:ca:fa:8b:13:b4,0,4599,564,8,7,2500
7529,XiaomiPOCO F2 Pro,12,90:ca:fa:8b:13:b4,0,4765,581,8,7,2500
7643,XiaomiPOCO F2 Pro,12,90:ca:fa:8b:13:b4,0,4868,516,8,7,2500
7766,XiaomiPOCO F2 Pro,12,90:ca:fa:8b:13:b4,0,4467,435,8,7,2500
7892,XiaomiPOCO F2 Pro,12,90:ca:fa:8b:13:b4,0,5046,843,8,7,2500
8021,XiaomiPOCO F2 Pro,12,90:ca:fa:8b:13:b4,0,4890,585,8,7,2500
8145,XiaomiPOCO F2 Pro,12,90:ca:fa:8b:13:b4,0,4450,486,8,7,2500
8268,XiaomiPOCO F2 Pro,12,90:ca:fa:8b:13:b4,0,4536,398,8,7,2500
8375,XiaomiPOCO F2 Pro,12,90:ca:fa:8b:13:b4,0,4797,751,8,7,2500
8497,XiaomiPOCO F2 Pro,12,90:ca:fa:8b:13:b4,0,4614,525,8,7,2500
8617,XiaomiPOCO F2 Pro,12,90:ca:fa:8b:13:b4,0,4685,591,8,7,2500
8734,XiaomiPOCO F2 Pro,12,90:ca:fa:8b:13:b4,0,4387,517,8,7,2500
8847,XiaomiPOCO F2 Pro,12,90:ca:fa:8b:13:b4,0,4497,557,8,7,2500
8962,XiaomiPOCO F2 Pro,12,90:ca:fa:8b:13:b4,0,4585,523,8,7,2500
9080,XiaomiPOCO F2 Pro,12,90:ca:fa:8b:13:b4,0,4389,548,8,7,2500
9192,XiaomiPOCO F2 Pro,12,90:ca:fa:8b:13:b4,0,4848,721,8,7,2500
9307,XiaomiPOCO F2 Pro,12,90:ca:fa:8b:13:b4,0,4497,721,8,7,2500
9432,XiaomiPOCO F2 Pro,12,90:ca:fa:8b:13:b4,0,4384,682,8,7,2500
9554,XiaomiPOCO F2 Pro,12,90:ca:fa:8b:13:b4,0,4590,713,8,7,2500
9680,XiaomiPOCO F2 Pro,12,90:ca:fa:8b:13:b4,0,4428,573,8,7,2500
9804,XiaomiPOCO F2 Pro,12,90:ca:fa:8b:13:b4,0,4590,603,8,7,2500
9915,XiaomiPOCO F2 Pro,12,90:ca:fa:8b:13:b4,0,4582,631,8,7,2500
10033,XiaomiPOCO F2 Pro,12,90:ca:fa:8b:13:b4,0,4985,695,8,7,2500
10151,XiaomiPOCO F2 Pro,12,90:ca:fa:8b:13:b4,0,5141,812,8,7,2500
10255,XiaomiPOCO F2 Pro,12,90:ca:fa:8b:13:b4,0,4209,401,8,7,2500
10359,XiaomiPOCO F2 Pro,12,90:ca:fa:8b:13:b4,0,4592,661,8,7,2500
10471,XiaomiPOCO F2 Pro,12,90:ca:fa:8b:13:b4,0,4282,534,8,7,2500
10582,XiaomiPOCO F2 Pro,12,90:ca:fa:8b:13:b4,0,4956,664,8,7,2500
10700,XiaomiPOCO F2 Pro,12,90:ca:fa:8b:13:b4,0,4568,601,8,7,2500
10817,XiaomiPOCO F2 Pro,12,90:ca:fa:8b:13:b4,0,4223,462,8,7,2500
10934,XiaomiPOCO F2 Pro,12,90:ca:fa:8b:13:b4,0,4153,467,8,7,2500
11052,XiaomiPOCO F2 Pro,12,90:ca:fa:8b:13:b4,0,4384,568,8,7,2500
11176,XiaomiPOCO F2 Pro,12,90:ca:fa:8b:13:b4,0,4392,440,8,7,2500
11297,XiaomiPOCO F2 Pro,12,90:ca:fa:8b:13:b4,0,4570,495,8,7,2500
11430,XiaomiPOCO F2 Pro,12,90:ca:fa:8b:13:b4,0,4612,713,8,7,2500
11569,XiaomiPOCO F2 Pro,12,90:ca:fa:8b:13:b4,0,4692,679,8,7,2500
11689,XiaomiPOCO F2 Pro,12,90:ca:fa:8b:13:b4,0,4782,570,8,7,2500
11813,XiaomiPOCO F2 Pro,12,90:ca:fa:8b:13:b4,0,4260,498,8,7,2500
11927,XiaomiPOCO F2 Pro,12,90:ca:fa:8b:13:b4,0,4524,608,8,7,2500
12044,XiaomiPOCO F2 Pro,12,90:ca:fa:8b:13:b4,0,4634,682,8,7,2500
12162,XiaomiPOCO F2 Pro,12,90:ca:fa:8b:13:b4,0,4897,675,8,7,2500
12273,XiaomiPOCO F2 Pro,12,90:ca:fa:8b:13:b4,0,4341,652,8,7,2500
12395,XiaomiPOCO F2 Pro,12,90:ca:fa:8b:13:b4,0,4577,583,8,7,2500
12511,XiaomiPOCO F2 Pro,12,90:ca:fa:8b:13:b4,0,4743,744,8,7,2500
12622,XiaomiPOCO F2 Pro,12,90:ca:fa:8b:13:b4,0,4546,771,8,7,2500
12741,XiaomiPOCO F2 Pro,12,90:ca:fa:8b:13:b4,0,4377,388,8,7,2500
12862,XiaomiPOCO F2 Pro,12,90:ca:fa:8b:13:b4,0,4296,583,8,7,2500
12977,XiaomiPOCO F2 Pro,12,90:ca:fa:8b:13:b4,0,4878,409,8,7,2500
13092,XiaomiPOCO F2 Pro,12,90:ca:fa:8b:13:b4,0,4604,493,8,7,2500
13211,XiaomiPOCO F2 Pro,12,90:ca:fa:8b:13:b4,0,4663,623,8,7,2500
13337,XiaomiPOCO F2 Pro,12,90:ca:fa:8b:13:b4,0,4619,571,8,7,2500
13443,XiaomiPOCO F2 Pro,12,90:ca:fa:8b:13:b4,0,4614,766,8,7,2500
13571,XiaomiPOCO F2 Pro,12,90:ca:fa:8b:13:b4,0,4782,598,8,7,2500
13707,XiaomiPOCO F2 Pro,12,90:ca:fa:8b:13:b4,0,4775,716,8,7,2500
13835,XiaomiPOCO F2 Pro,12,90:ca:fa:8b:13:b4,0,4275,592,8,7,2500
13942,XiaomiPOCO F2 Pro,12,90:ca:fa:8b:13:b4,0,4201,436,8,7,2500
14076,XiaomiPOCO F2 Pro,12,90:ca:fa:8b:13:b4,0,4672,666,8,7,2500
14192,XiaomiPOCO F2 Pro,12,90:ca:fa:8b:13:b4,0,4585,670,8,7,2500
14312,XiaomiPOCO F2 Pro,12,90:ca:fa:8b:13:b4,0,4445,598,8,7,2500
14429,XiaomiPOCO F2 Pro,12,90:ca:fa:8b:13:b4,0,4465,567,8,7,2500
14552,XiaomiPOCO F2 Pro,12,90:ca:fa:8b:13:b4,0,4787,618,8,7,2500
14675,XiaomiPOCO F2 Pro,12,90:ca:fa:8b:13:b4,0,4797,510,8,7,2500
14805,XiaomiPOCO F2 Pro,12,90:ca:fa:8b:13:b4,0,4839,724,8,7,2500
14918,XiaomiPOCO F2 Pro,12,90:ca:fa:8b:13:b4,0,4296,318,8,7,2500
15037,XiaomiPOCO F2 Pro,12,90:ca:fa:8b:13:b4,0,4458,564,8,7,2500
15150,XiaomiPOCO F2 Pro,12,90:ca:fa:8b:13:b4,0,4357,553,8,7,2500
15272,XiaomiPOCO F2 Pro,12,90:ca:fa:8b:13:b4,0,4555,574,8,7,2500
15440,XiaomiPOCO F2 Pro,12,90:ca:fa:8b:13:b4,0,4594,565,8,5,2500
15535,XiaomiPOCO F2 Pro,12,90:ca:fa:8b:13:b4,0,4213,566,8,7,2500
15641,XiaomiPOCO F2 Pro,12,90:ca:fa:8b:13:b4,0,3930,234,8,6,2500
15720,XiaomiPOCO F2 Pro,12,90:ca:fa:8b:13:b4,0,4370,585,8,7,2500
15865,XiaomiPOCO F2 Pro,12,90:ca:fa:8b:13:b4,0,4272,641,8,6,2500
15960,XiaomiPOCO F2 Pro,12,90:ca:fa:8b:13:b4,0,4516,651,8,6,2500
16085,XiaomiPOCO F2 Pro,12,90:ca:fa:8b:13:b4,0,4267,707,8,7,2500
16224,XiaomiPOCO F2 Pro,12,90:ca:fa:8b:13:b4,0,4758,613,8,7,2500
16377,XiaomiPOCO F2 Pro,12,90:ca:fa:8b:13:b4,0,4428,726,8,7,2500
16528,XiaomiPOCO F2 Pro,12,90:ca:fa:8b:13:b4,0,4157,653,8,7,2500
16692,XiaomiPOCO F2 Pro,12,90:ca:fa:8b:13:b4,0,4531,647,8,7,2500
16847,XiaomiPOCO F2 Pro,12,90:ca:fa:8b:13:b4,0,4555,735,8,7,2500
16998,XiaomiPOCO F2 Pro,12,90:ca:fa:8b:13:b4,0,4633,625,8,7,2500
17159,XiaomiPOCO F2 Pro,12,90:ca:fa:8b:13:b4,0,4458,624,8,7,2500
17313,XiaomiPOCO F2 Pro,12,90:ca:fa:8b:13:b4,0,4692,603,8,7,2500
17437,XiaomiPOCO F2 Pro,12,90:ca:fa:8b:13:b4,0,4392,622,8,7,2500
17590,XiaomiPOCO F2 Pro,12,90:ca:fa:8b:13:b4,0,4194,335,8,7,2500
17746,XiaomiPOCO F2 Pro,12,90:ca:fa:8b:13:b4,0,4670,746,8,7,2500
17900,XiaomiPOCO F2 Pro,12,90:ca:fa:8b:13:b4,0,4465,695,8,7,2500
18052,XiaomiPOCO F2 Pro,12,90:ca:fa:8b:13:b4,0,4743,577,8,7,2500
18205,XiaomiPOCO F2 Pro,12,90:ca:fa:8b:13:b4,0,4301,505,8,7,2500
18357,XiaomiPOCO F2 Pro,12,90:ca:fa:8b:13:b4,0,6196,102,8,7,2500
18509,XiaomiPOCO F2 Pro,12,90:ca:fa:8b:13:b4,0,4157,328,8,7,2500
18665,XiaomiPOCO F2 Pro,12,90:ca:fa:8b:13:b4,0,4399,615,8,4,2500
18727,XiaomiPOCO F2 Pro,12,90:ca:fa:8b:13:b4,0,4524,531,8,7,2500
18801,XiaomiPOCO F2 Pro,12,90:ca:fa:8b:13:b4,0,4846,649,8,7,2500
18863,XiaomiPOCO F2 Pro,12,90:ca:fa:8b:13:b4,0,4069,479,8,7,2500
18924,XiaomiPOCO F2 Pro,12,90:ca:fa:8b:13:b4,0,4135,581,8,7,2500
18985,XiaomiPOCO F2 Pro,12,90:ca:fa:8b:13:b4,0,5666,947,8,7,2500
19046,XiaomiPOCO F2 Pro,12,90:ca:fa:8b:13:b4,0,6018,992,8,7,2500
19109,XiaomiPOCO F2 Pro,12,90:ca:fa:8b:13:b4,0,4450,705,8,7,2500
19170,XiaomiPOCO F2 Pro,12,90:ca:fa:8b:13:b4,0,4516,408,8,7,2500
19234,XiaomiPOCO F2 Pro,12,90:ca:fa:8b:13:b4,0,4145,511,8,7,2500
19296,XiaomiPOCO F2 Pro,12,90:ca:fa:8b:13:b4,0,5403,1081,8,7,2500
19354,XiaomiPOCO F2 Pro,12,90:ca:fa:8b:13:b4,0,4421,648,8,7,2500
19414,XiaomiPOCO F2 Pro,12,90:ca:fa:8b:13:b4,0,4567,671,8,7,2500
19467,XiaomiPOCO F2 Pro,12,90:ca:fa:8b:13:b4,0,4333,612,8,7,2500
19527,XiaomiPOCO F2 Pro,12,90:ca:fa:8b:13:b4,0,4421,423,8,7,2500
19606,XiaomiPOCO F2 Pro,12,90:ca:fa:8b:13:b4,0,4331,634,8,7,2500
19710,XiaomiPOCO F2 Pro,12,90:ca:fa:8b:13:b4,0,4795,544,8,7,2500
19811,XiaomiPOCO F2 Pro,12,90:ca:fa:8b:13:b4,0,4665,788,8,7,2500
19915,XiaomiPOCO F2 Pro,12,90:ca:fa:8b:13:b4,0,4431,437,8,7,2500
0,XiaomiPOCO F2 Pro,12,90:ca:fa:8b:13:b4,0,2485,62,8,7,1500
59,XiaomiPOCO F2 Pro,12,90:ca:fa:8b:13:b4,0,3022,488,8,7,1500
199,XiaomiPOCO F2 Pro,12,90:ca:fa:8b:13:b4,0,3528,684,8,7,1500
309,XiaomiPOCO F2 Pro,12,90:ca:fa:8b:13:b4,0,3352,587,8,7,1500
411,XiaomiPOCO F2 Pro,12,90:ca:fa:8b:13:b4,0,3647,670,8,7,1500
513,XiaomiPOCO F2 Pro,12,90:ca:fa:8b:13:b4,0,3462,146,8,7,1500
613,XiaomiPOCO F2 Pro,12,90:ca:fa:8b:13:b4,0,3354,549,8,7,1500
720,XiaomiPOCO F2 Pro,12,90:ca:fa:8b:13:b4,0,3423,981,8,7,1500
832,XiaomiPOCO F2 Pro,12,90:ca:fa:8b:13:b4,0,3413,988,8,7,1500
954,XiaomiPOCO F2 Pro,12,90:ca:fa:8b:13:b4,0,3933,645,8,7,1500
1068,XiaomiPOCO F2 Pro,12,90:ca:fa:8b:13:b4,0,3630,675,8,7,1500
1185,XiaomiPOCO F2 Pro,12,90:ca:fa:8b:13:b4,0,3454,635,8,7,1500
1301,XiaomiPOCO F2 Pro,12,90:ca:fa:8b:13:b4,0,3742,666,8,7,1500
1411,XiaomiPOCO F2 Pro,12,90:ca:fa:8b:13:b4,0,3960,709,8,7,1500
1518,XiaomiPOCO F2 Pro,12,90:ca:fa:8b:13:b4,0,3821,729,8,7,1500
1637,XiaomiPOCO F2 Pro,12,90:ca:fa:8b:13:b4,0,3615,571,8,7,1500
1750,XiaomiPOCO F2 Pro,12,90:ca:fa:8b:13:b4,0,3252,501,8,7,1500
1869,XiaomiPOCO F2 Pro,12,90:ca:fa:8b:13:b4,0,3589,702,8,7,1500
1987,XiaomiPOCO F2 Pro,12,90:ca:fa:8b:13:b4,0,3659,611,8,7,1500
2104,XiaomiPOCO F2 Pro,12,90:ca:fa:8b:13:b4,0,3601,644,8,7,1500
2214,XiaomiPOCO F2 Pro,12,90:ca:fa:8b:13:b4,0,3684,520,8,7,1500
2420,XiaomiPOCO F2 Pro,12,90:ca:fa:8b:13:b4,0,3164,427,8,7,1500
2545,XiaomiPOCO F2 Pro,12,90:ca:fa:8b:13:b4,0,3784,510,8,7,1500
2650,XiaomiPOCO F2 Pro,12,90:ca:fa:8b:13:b4,0,3325,236,8,7,1500
2767,XiaomiPOCO F2 Pro,12,90:ca:fa:8b:13:b4,0,3564,511,8,7,1500
2871,XiaomiPOCO F2 Pro,12,90:ca:fa:8b:13:b4,0,3335,972,8,7,1500
2986,XiaomiPOCO F2 Pro,12,90:ca:fa:8b:13:b4,0,3403,751,8,7,1500
3105,XiaomiPOCO F2 Pro,12,90:ca:fa:8b:13:b4,0,3589,464,8,7,1500
3223,XiaomiPOCO F2 Pro,12,90:ca:fa:8b:13:b4,0,3413,623,8,7,1500
3327,XiaomiPOCO F2 Pro,12,90:ca:fa:8b:13:b4,0,3393,820,8,7,1500
3441,XiaomiPOCO F2 Pro,12,90:ca:fa:8b:13:b4,0,3652,517,8,7,1500
3559,XiaomiPOCO F2 Pro,12,90:ca:fa:8b:13:b4,0,3618,622,8,7,1500
3676,XiaomiPOCO F2 Pro,12,90:ca:fa:8b:13:b4,0,3569,670,8,7,1500
3795,XiaomiPOCO F2 Pro,12,90:ca:fa:8b:13:b4,0,3425,680,8,7,1500
3902,XiaomiPOCO F2 Pro,12,90:ca:fa:8b:13:b4,0,3735,79,8,7,1500
4013,XiaomiPOCO F2 Pro,12,90:ca:fa:8b:13:b4,0,3813,735,8,7,1500
4128,XiaomiPOCO F2 Pro,12,90:ca:fa:8b:13:b4,0,3530,904,8,7,1500
4247,XiaomiPOCO F2 Pro,12,90:ca:fa:8b:13:b4,0,3159,246,8,7,1500
4360,XiaomiPOCO F2 Pro,12,90:ca:fa:8b:13:b4,0,2925,112,8,7,1500
4476,XiaomiPOCO F2 Pro,12,90:ca:fa:8b:13:b4,0,3716,878,8,7,1500
4605,XiaomiPOCO F2 Pro,12,90:ca:fa:8b:13:b4,0,2895,109,8,7,1500
4716,XiaomiPOCO F2 Pro,12,90:ca:fa:8b:13:b4,0,3169,236,8,7,1500
4833,XiaomiPOCO F2 Pro,12,90:ca:fa:8b:13:b4,0,2866,179,8,7,1500
4952,XiaomiPOCO F2 Pro,12,90:ca:fa:8b:13:b4,0,3523,641,8,7,1500
5070,XiaomiPOCO F2 Pro,12,90:ca:fa:8b:13:b4,0,3418,633,8,7,1500
5186,XiaomiPOCO F2 Pro,12,90:ca:fa:8b:13:b4,0,3764,253,8,7,1500
5308,XiaomiPOCO F2 Pro,12,90:ca:fa:8b:13:b4,0,3427,678,8,7,1500
5413,XiaomiPOCO F2 Pro,12,90:ca:fa:8b:13:b4,0,3630,664,8,7,1500
5532,XiaomiPOCO F2 Pro,12,90:ca:fa:8b:13:b4,0,2934,151,8,7,1500
5650,XiaomiPOCO F2 Pro,12,90:ca:fa:8b:13:b4,0,3706,704,8,7,1500
5772,XiaomiPOCO F2 Pro,12,90:ca:fa:8b:13:b4,0,3567,700,8,7,1500
5889,XiaomiPOCO F2 Pro,12,90:ca:fa:8b:13:b4,0,3850,699,8,7,1500
6003,XiaomiPOCO F2 Pro,12,90:ca:fa:8b:13:b4,0,3432,572,8,7,1500
6121,XiaomiPOCO F2 Pro,12,90:ca:fa:8b:13:b4,0,3491,654,8,7,1500
6248,XiaomiPOCO F2 Pro,12,90:ca:fa:8b:13:b4,0,3413,1029,8,7,1500
6371,XiaomiPOCO F2 Pro,12,90:ca:fa:8b:13:b4,0,3667,99,8,7,1500
6485,XiaomiPOCO F2 Pro,12,90:ca:fa:8b:13:b4,0,2993,120,8,7,1500
6610,XiaomiPOCO F2 Pro,12,90:ca:fa:8b:13:b4,0,3713,496,8,7,1500
6728,XiaomiPOCO F2 Pro,12,90:ca:fa:8b:13:b4,0,3100,278,8,7,1500
6848,XiaomiPOCO F2 Pro,12,90:ca:fa:8b:13:b4,0,3432,212,8,7,1500
6959,XiaomiPOCO F2 Pro,12,90:ca:fa:8b:13:b4,0,3530,676,8,7,1500
7086,XiaomiPOCO F2 Pro,12,90:ca:fa:8b:13:b4,0,3432,538,8,7,1500
7219,XiaomiPOCO F2 Pro,12,90:ca:fa:8b:13:b4,0,3911,436,8,7,1500
7355,XiaomiPOCO F2 Pro,12,90:ca:fa:8b:13:b4,0,3569,691,8,7,1500
7480,XiaomiPOCO F2 Pro,12,90:ca:fa:8b:13:b4,0,3745,223,8,7,1500
7598,XiaomiPOCO F2 Pro,12,90:ca:fa:8b:13:b4,0,3557,580,8,7,1500
7716,XiaomiPOCO F2 Pro,12,90:ca:fa:8b:13:b4,0,3733,674,8,7,1500
7831,XiaomiPOCO F2 Pro,12,90:ca:fa:8b:13:b4,0,3530,505,8,7,1500
7948,XiaomiPOCO F2 Pro,12,90:ca:fa:8b:13:b4,0,3256,209,8,7,1500
8070,XiaomiPOCO F2 Pro,12,90:ca:fa:8b:13:b4,0,3571,664,8,7,1500
8187,XiaomiPOCO F2 Pro,12,90:ca:fa:8b:13:b4,0,3586,712,8,7,1500
8305,XiaomiPOCO F2 Pro,12,90:ca:fa:8b:13:b4,0,3806,734,8,7,1500
8426,XiaomiPOCO F2 Pro,12,90:ca:fa:8b:13:b4,0,3403,592,8,7,1500
8547,XiaomiPOCO F2 Pro,12,90:ca:fa:8b:13:b4,0,3703,539,8,7,1500
8673,XiaomiPOCO F2 Pro,12,90:ca:fa:8b:13:b4,0,3376,747,8,7,1500
8768,XiaomiPOCO F2 Pro,12,90:ca:fa:8b:13:b4,0,3491,678,8,7,1500
8880,XiaomiPOCO F2 Pro,12,90:ca:fa:8b:13:b4,0,3244,479,8,7,1500
9000,XiaomiPOCO F2 Pro,12,90:ca:fa:8b:13:b4,0,3345,231,8,7,1500
9116,XiaomiPOCO F2 Pro,12,90:ca:fa:8b:13:b4,0,3535,662,8,7,1500
9233,XiaomiPOCO F2 Pro,12,90:ca:fa:8b:13:b4,0,3279,509,8,7,1500
9355,XiaomiPOCO F2 Pro,12,90:ca:fa:8b:13:b4,0,3315,449,8,7,1500
9463,XiaomiPOCO F2 Pro,12,90:ca:fa:8b:13:b4,0,2973,92,8,7,1500
9575,XiaomiPOCO F2 Pro,12,90:ca:fa:8b:13:b4,0,3447,529,8,7,1500
9686,XiaomiPOCO F2 Pro,12,90:ca:fa:8b:13:b4,0,3242,104,8,7,1500
9799,XiaomiPOCO F2 Pro,12,90:ca:fa:8b:13:b4,0,3257,259,8,7,1500
9924,XiaomiPOCO F2 Pro,12,90:ca:fa:8b:13:b4,0,3657,1167,8,7,1500
10042,XiaomiPOCO F2 Pro,12,90:ca:fa:8b:13:b4,0,3569,111,8,7,1500
10150,XiaomiPOCO F2 Pro,12,90:ca:fa:8b:13:b4,0,3384,517,8,7,1500
10264,XiaomiPOCO F2 Pro,12,90:ca:fa:8b:13:b4,0,3169,157,8,7,1500
10387,XiaomiPOCO F2 Pro,12,90:ca:fa:8b:13:b4,0,3403,309,8,7,1500
10505,XiaomiPOCO F2 Pro,12,90:ca:fa:8b:13:b4,0,3266,1112,8,7,1500
10616,XiaomiPOCO F2 Pro,12,90:ca:fa:8b:13:b4,0,3520,698,8,7,1500
10744,XiaomiPOCO F2 Pro,12,90:ca:fa:8b:13:b4,0,3256,295,8,7,1500
10853,XiaomiPOCO F2 Pro,12,90:ca:fa:8b:13:b4,0,3481,115,8,7,1500
10972,XiaomiPOCO F2 Pro,12,90:ca:fa:8b:13:b4,0,3247,600,8,7,1500
11101,XiaomiPOCO F2 Pro,12,90:ca:fa:8b:13:b4,0,3405,619,8,7,1500
11222,XiaomiPOCO F2 Pro,12,90:ca:fa:8b:13:b4,0,3330,540,8,7,1500
11348,XiaomiPOCO F2 Pro,12,90:ca:fa:8b:13:b4,0,3159,90,8,7,1500
11465,XiaomiPOCO F2 Pro,12,90:ca:fa:8b:13:b4,0,3969,579,8,7,1500
11573,XiaomiPOCO F2 Pro,12,90:ca:fa:8b:13:b4,0,3217,822,8,7,1500
11692,XiaomiPOCO F2 Pro,12,90:ca:fa:8b:13:b4,0,3540,1146,8,7,1500
11816,XiaomiPOCO F2 Pro,12,90:ca:fa:8b:13:b4,0,3481,1002,8,7,1500
11933,XiaomiPOCO F2 Pro,12,90:ca:fa:8b:13:b4,0,3198,252,8,7,1500
12052,XiaomiPOCO F2 Pro,12,90:ca:fa:8b:13:b4,0,3586,587,8,7,1500
12192,XiaomiPOCO F2 Pro,12,90:ca:fa:8b:13:b4,0,3061,264,8,7,1500
12309,XiaomiPOCO F2 Pro,12,90:ca:fa:8b:13:b4,0,3564,622,8,7,1500
12437,XiaomiPOCO F2 Pro,12,90:ca:fa:8b:13:b4,0,3164,419,8,7,1500
12551,XiaomiPOCO F2 Pro,12,90:ca:fa:8b:13:b4,0,3188,195,8,7,1500
12656,XiaomiPOCO F2 Pro,12,90:ca:fa:8b:13:b4,0,3867,631,8,7,1500
12778,XiaomiPOCO F2 Pro,12,90:ca:fa:8b:13:b4,0,3347,486,8,7,1500
12893,XiaomiPOCO F2 Pro,12,90:ca:fa:8b:13:b4,0,3930,659,8,7,1500
13012,XiaomiPOCO F2 Pro,12,90:ca:fa:8b:13:b4,0,3640,734,8,7,1500
13139,XiaomiPOCO F2 Pro,12,90:ca:fa:8b:13:b4,0,3159,110,8,7,1500
13275,XiaomiPOCO F2 Pro,12,90:ca:fa:8b:13:b4,0,3598,313,8,7,1500
13404,XiaomiPOCO F2 Pro,12,90:ca:fa:8b:13:b4,0,3425,609,8,7,1500
13511,XiaomiPOCO F2 Pro,12,90:ca:fa:8b:13:b4,0,3784,1080,8,7,1500
13633,XiaomiPOCO F2 Pro,12,90:ca:fa:8b:13:b4,0,3618,582,8,7,1500
13757,XiaomiPOCO F2 Pro,12,90:ca:fa:8b:13:b4,0,3230,475,8,7,1500
13885,XiaomiPOCO F2 Pro,12,90:ca:fa:8b:13:b4,0,3764,146,8,7,1500
14010,XiaomiPOCO F2 Pro,12,90:ca:fa:8b:13:b4,0,3647,63,8,7,1500
14149,XiaomiPOCO F2 Pro,12,90:ca:fa:8b:13:b4,0,2739,204,8,7,1500
14272,XiaomiPOCO F2 Pro,12,90:ca:fa:8b:13:b4,0,3384,280,8,7,1500
14387,XiaomiPOCO F2 Pro,12,90:ca:fa:8b:13:b4,0,3557,670,8,7,1500
14503,XiaomiPOCO F2 Pro,12,90:ca:fa:8b:13:b4,0,3235,423,8,7,1500
14621,XiaomiPOCO F2 Pro,12,90:ca:fa:8b:13:b4,0,3594,542,8,5,1500
14753,XiaomiPOCO F2 Pro,12,90:ca:fa:8b:13:b4,0,2202,87,8,5,1500
14894,XiaomiPOCO F2 Pro,12,90:ca:fa:8b:13:b4,0,3403,558,8,6,1500
15040,XiaomiPOCO F2 Pro,12,90:ca:fa:8b:13:b4,0,3462,299,8,7,1500
15139,XiaomiPOCO F2 Pro,12,90:ca:fa:8b:13:b4,0,2905,299,8,7,1500
15227,XiaomiPOCO F2 Pro,12,90:ca:fa:8b:13:b4,0,2397,131,8,7,1500
15373,XiaomiPOCO F2 Pro,12,90:ca:fa:8b:13:b4,0,3198,511,8,7,1500
15472,XiaomiPOCO F2 Pro,12,90:ca:fa:8b:13:b4,0,3257,322,8,7,1500
15552,XiaomiPOCO F2 Pro,12,90:ca:fa:8b:13:b4,0,2671,119,8,7,1500
15708,XiaomiPOCO F2 Pro,12,90:ca:fa:8b:13:b4,0,3139,725,8,7,1500
15866,XiaomiPOCO F2 Pro,12,90:ca:fa:8b:13:b4,0,3630,715,8,7,1500
16019,XiaomiPOCO F2 Pro,12,90:ca:fa:8b:13:b4,0,2934,216,8,7,1500
16181,XiaomiPOCO F2 Pro,12,90:ca:fa:8b:13:b4,0,2505,223,8,7,1500
16336,XiaomiPOCO F2 Pro,12,90:ca:fa:8b:13:b4,0,3052,642,8,7,1500
16491,XiaomiPOCO F2 Pro,12,90:ca:fa:8b:13:b4,0,3242,540,8,7,1500
16646,XiaomiPOCO F2 Pro,12,90:ca:fa:8b:13:b4,0,2846,345,8,7,1500
16754,XiaomiPOCO F2 Pro,12,90:ca:fa:8b:13:b4,0,2622,265,8,7,1500
16911,XiaomiPOCO F2 Pro,12,90:ca:fa:8b:13:b4,0,3032,330,8,7,1500
17067,XiaomiPOCO F2 Pro,12,90:ca:fa:8b:13:b4,0,2954,335,8,7,1500
17221,XiaomiPOCO F2 Pro,12,90:ca:fa:8b:13:b4,0,2246,14,8,7,1500
17377,XiaomiPOCO F2 Pro,12,90:ca:fa:8b:13:b4,0,3674,622,8,7,1500
17526,XiaomiPOCO F2 Pro,12,90:ca:fa:8b:13:b4,0,3008,160,8,7,1500
17680,XiaomiPOCO F2 Pro,12,90:ca:fa:8b:13:b4,0,2534,216,8,7,1500
17834,XiaomiPOCO F2 Pro,12,90:ca:fa:8b:13:b4,0,3799,617,8,7,1500
17990,XiaomiPOCO F2 Pro,12,90:ca:fa:8b:13:b4,0,3330,191,8,5,1500
18048,XiaomiPOCO F2 Pro,12,90:ca:fa:8b:13:b4,0,2890,73,8,7,1500
18111,XiaomiPOCO F2 Pro,12,90:ca:fa:8b:13:b4,0,3103,406,8,7,1500
18168,XiaomiPOCO F2 Pro,12,90:ca:fa:8b:13:b4,0,3774,53,8,7,1500
18229,XiaomiPOCO F2 Pro,12,90:ca:fa:8b:13:b4,0,3784,30,8,7,1500
18289,XiaomiPOCO F2 Pro,12,90:ca:fa:8b:13:b4,0,2856,375,8,7,1500
18354,XiaomiPOCO F2 Pro,12,90:ca:fa:8b:13:b4,0,2397,226,8,7,1500
18414,XiaomiPOCO F2 Pro,12,90:ca:fa:8b:13:b4,0,2387,160,8,7,1500
18474,XiaomiPOCO F2 Pro,12,90:ca:fa:8b:13:b4,0,2124,39,8,7,1500
18534,XiaomiPOCO F2 Pro,12,90:ca:fa:8b:13:b4,0,1948,787,8,7,1500
18597,XiaomiPOCO F2 Pro,12,90:ca:fa:8b:13:b4,0,2241,123,8,7,1500
18656,XiaomiPOCO F2 Pro,12,90:ca:fa:8b:13:b4,0,3310,864,8,7,1500
18717,XiaomiPOCO F2 Pro,12,90:ca:fa:8b:13:b4,0,2856,385,8,7,1500
18774,XiaomiPOCO F2 Pro,12,90:ca:fa:8b:13:b4,0,2749,347,8,7,1500
18879,XiaomiPOCO F2 Pro,12,90:ca:fa:8b:13:b4,0,3295,760,8,7,1500
18975,XiaomiPOCO F2 Pro,12,90:ca:fa:8b:13:b4,0,3410,719,8,7,1500
19088,XiaomiPOCO F2 Pro,12,90:ca:fa:8b:13:b4,0,2729,156,8,7,1500
19202,XiaomiPOCO F2 Pro,12,90:ca:fa:8b:13:b4,0,3266,71,8,7,1500
19321,XiaomiPOCO F2 Pro,12,90:ca:fa:8b:13:b4,0,2876,86,8,7,1500
19437,XiaomiPOCO F2 Pro,12,90:ca:fa:8b:13:b4,0,3791,672,8,7,1500
19556,XiaomiPOCO F2 Pro,12,90:ca:fa:8b:13:b4,0,3691,566,8,7,1500
19671,XiaomiPOCO F2 Pro,12,90:ca:fa:8b:13:b4,0,3369,495,8,7,1500
19797,XiaomiPOCO F2 Pro,12,90:ca:fa:8b:13:b4,0,3310,641,8,7,1500
19924,XiaomiPOCO F2 Pro,12,90:ca:fa:8b:13:b4,0,3703,730,8,7,1500
0,XiaomiPOCO F2 Pro,12,90:ca:fa:8b:13:b4,0,2124,241,8,4,500
398,XiaomiPOCO F2 Pro,12,90:ca:fa:8b:13:b4,0,2334,425,8,7,500
553,XiaomiPOCO F2 Pro,12,90:ca:fa:8b:13:b4,0,2553,518,8,7,500
706,XiaomiPOCO F2 Pro,12,90:ca:fa:8b:13:b4,0,2270,312,8,7,500
867,XiaomiPOCO F2 Pro,12,90:ca:fa:8b:13:b4,0,2334,697,8,7,500
1034,XiaomiPOCO F2 Pro,12,90:ca:fa:8b:13:b4,0,2290,431,8,7,500
1187,XiaomiPOCO F2 Pro,12,90:ca:fa:8b:13:b4,0,2070,307,8,7,500
1370,XiaomiPOCO F2 Pro,12,90:ca:fa:8b:13:b4,0,2392,356,8,7,500
1525,XiaomiPOCO F2 Pro,12,90:ca:fa:8b:13:b4,0,2751,608,8,7,500
1686,XiaomiPOCO F2 Pro,12,90:ca:fa:8b:13:b4,0,2341,495,8,7,500
1845,XiaomiPOCO F2 Pro,12,90:ca:fa:8b:13:b4,0,2212,163,8,7,500
1993,XiaomiPOCO F2 Pro,12,90:ca:fa:8b:13:b4,0,2326,642,8,7,500
2148,XiaomiPOCO F2 Pro,12,90:ca:fa:8b:13:b4,0,2216,400,8,7,500
2308,XiaomiPOCO F2 Pro,12,90:ca:fa:8b:13:b4,0,2661,600,8,5,500
2379,XiaomiPOCO F2 Pro,12,90:ca:fa:8b:13:b4,0,2260,621,8,7,500
2438,XiaomiPOCO F2 Pro,12,90:ca:fa:8b:13:b4,0,2329,663,8,7,500
2500,XiaomiPOCO F2 Pro,12,90:ca:fa:8b:13:b4,0,1999,372,8,7,500
2560,XiaomiPOCO F2 Pro,12,90:ca:fa:8b:13:b4,0,1984,508,8,7,500
2623,XiaomiPOCO F2 Pro,12,90:ca:fa:8b:13:b4,0,2505,682,8,7,500
2692,XiaomiPOCO F2 Pro,12,90:ca:fa:8b:13:b4,0,2451,511,8,7,500
2757,XiaomiPOCO F2 Pro,12,90:ca:fa:8b:13:b4,0,2077,457,8,7,500
2821,XiaomiPOCO F2 Pro,12,90:ca:fa:8b:13:b4,0,2217,23,8,7,500
2880,XiaomiPOCO F2 Pro,12,90:ca:fa:8b:13:b4,0,3227,221,8,7,500
2940,XiaomiPOCO F2 Pro,12,90:ca:fa:8b:13:b4,0,2414,745,8,7,500
2999,XiaomiPOCO F2 Pro,12,90:ca:fa:8b:13:b4,0,2175,738,8,7,500
3057,XiaomiPOCO F2 Pro,12,90:ca:fa:8b:13:b4,0,2387,550,8,7,500
3117,XiaomiPOCO F2 Pro,12,90:ca:fa:8b:13:b4,0,1177,699,8,7,500
3175,XiaomiPOCO F2 Pro,12,90:ca:fa:8b:13:b4,0,2282,527,8,7,500
3234,XiaomiPOCO F2 Pro,12,90:ca:fa:8b:13:b4,0,2085,179,8,7,500
3349,XiaomiPOCO F2 Pro,12,90:ca:fa:8b:13:b4,0,2422,523,8,7,500
3452,XiaomiPOCO F2 Pro,12,90:ca:fa:8b:13:b4,0,2138,220,8,7,500
3576,XiaomiPOCO F2 Pro,12,90:ca:fa:8b:13:b4,0,2556,596,8,7,500
3714,XiaomiPOCO F2 Pro,12,90:ca:fa:8b:13:b4,0,2229,563,8,7,500
3815,XiaomiPOCO F2 Pro,12,90:ca:fa:8b:13:b4,0,2299,635,8,7,500
3962,XiaomiPOCO F2 Pro,12,90:ca:fa:8b:13:b4,0,2446,580,8,6,500
4047,XiaomiPOCO F2 Pro,12,90:ca:fa:8b:13:b4,0,2417,582,8,7,500
4177,XiaomiPOCO F2 Pro,12,90:ca:fa:8b:13:b4,0,2124,455,8,7,500
4311,XiaomiPOCO F2 Pro,12,90:ca:fa:8b:13:b4,0,2075,700,8,7,500
4405,XiaomiPOCO F2 Pro,12,90:ca:fa:8b:13:b4,0,2130,564,8,7,500
4514,XiaomiPOCO F2 Pro,12,90:ca:fa:8b:13:b4,0,2270,31,8,7,500
4615,XiaomiPOCO F2 Pro,12,90:ca:fa:8b:13:b4,0,2352,638,8,7,500
4778,XiaomiPOCO F2 Pro,12,90:ca:fa:8b:13:b4,0,1858,731,8,7,500
4842,XiaomiPOCO F2 Pro,12,90:ca:fa:8b:13:b4,0,2458,733,8,7,500
4938,XiaomiPOCO F2 Pro,12,90:ca:fa:8b:13:b4,0,2275,345,8,7,500
5046,XiaomiPOCO F2 Pro,12,90:ca:fa:8b:13:b4,0,2544,117,8,7,500
5156,XiaomiPOCO F2 Pro,12,90:ca:fa:8b:13:b4,0,2583,745,8,7,500
5275,XiaomiPOCO F2 Pro,12,90:ca:fa:8b:13:b4,0,2812,714,8,7,500
5396,XiaomiPOCO F2 Pro,12,90:ca:fa:8b:13:b4,0,2707,606,8,7,500
5507,XiaomiPOCO F2 Pro,12,90:ca:fa:8b:13:b4,0,2534,548,8,7,500
5620,XiaomiPOCO F2 Pro,12,90:ca:fa:8b:13:b4,0,2534,545,8,7,500
5728,XiaomiPOCO F2 Pro,12,90:ca:fa:8b:13:b4,0,2304,334,8,7,500
5835,XiaomiPOCO F2 Pro,12,90:ca:fa:8b:13:b4,0,2480,608,8,7,500
5945,XiaomiPOCO F2 Pro,12,90:ca:fa:8b:13:b4,0,2321,518,8,7,500
6071,XiaomiPOCO F2 Pro,12,90:ca:fa:8b:13:b4,0,2385,585,8,7,500
6184,XiaomiPOCO F2 Pro,12,90:ca:fa:8b:13:b4,0,2480,191,8,7,500
6288,XiaomiPOCO F2 Pro,12,90:ca:fa:8b:13:b4,0,2299,863,8,7,500
6388,XiaomiPOCO F2 Pro,12,90:ca:fa:8b:13:b4,0,2534,657,8,7,500
6490,XiaomiPOCO F2 Pro,12,90:ca:fa:8b:13:b4,0,2585,536,8,7,500
6592,XiaomiPOCO F2 Pro,12,90:ca:fa:8b:13:b4,0,2612,528,8,7,500
6697,XiaomiPOCO F2 Pro,12,90:ca:fa:8b:13:b4,0,2197,104,8,7,500
6799,XiaomiPOCO F2 Pro,12,90:ca:fa:8b:13:b4,0,2568,727,8,7,500
6907,XiaomiPOCO F2 Pro,12,90:ca:fa:8b:13:b4,0,2343,478,8,7,500
7011,XiaomiPOCO F2 Pro,12,90:ca:fa:8b:13:b4,0,2202,159,8,7,500
7125,XiaomiPOCO F2 Pro,12,90:ca:fa:8b:13:b4,0,2483,641,8,7,500
7252,XiaomiPOCO F2 Pro,12,90:ca:fa:8b:13:b4,0,2195,453,8,7,500
7360,XiaomiPOCO F2 Pro,12,90:ca:fa:8b:13:b4,0,2446,650,8,7,500
7488,XiaomiPOCO F2 Pro,12,90:ca:fa:8b:13:b4,0,2627,160,8,7,500
7605,XiaomiPOCO F2 Pro,12,90:ca:fa:8b:13:b4,0,2802,618,8,7,500
7723,XiaomiPOCO F2 Pro,12,90:ca:fa:8b:13:b4,0,2475,472,8,7,500
7839,XiaomiPOCO F2 Pro,12,90:ca:fa:8b:13:b4,0,2378,813,8,7,500
7954,XiaomiPOCO F2 Pro,12,90:ca:fa:8b:13:b4,0,2290,705,8,7,500
8075,XiaomiPOCO F2 Pro,12,90:ca:fa:8b:13:b4,0,2422,498,8,7,500
8186,XiaomiPOCO F2 Pro,12,90:ca:fa:8b:13:b4,0,2583,477,8,7,500
8309,XiaomiPOCO F2 Pro,12,90:ca:fa:8b:13:b4,0,2509,436,8,7,500
8425,XiaomiPOCO F2 Pro,12,90:ca:fa:8b:13:b4,0,2480,498,8,7,500
8541,XiaomiPOCO F2 Pro,12,90:ca:fa:8b:13:b4,0,2700,582,8,7,500
8662,XiaomiPOCO F2 Pro,12,90:ca:fa:8b:13:b4,0,2388,574,8,7,500
8772,XiaomiPOCO F2 Pro,12,90:ca:fa:8b:13:b4,0,2436,767,8,7,500
8911,XiaomiPOCO F2 Pro,12,90:ca:fa:8b:13:b4,0,2392,646,8,7,500
9023,XiaomiPOCO F2 Pro,12,90:ca:fa:8b:13:b4,0,2583,599,8,7,500
9142,XiaomiPOCO F2 Pro,12,90:ca:fa:8b:13:b4,0,2585,670,8,7,500
9261,XiaomiPOCO F2 Pro,12,90:ca:fa:8b:13:b4,0,2678,581,8,7,500
9361,XiaomiPOCO F2 Pro,12,90:ca:fa:8b:13:b4,0,2292,478,8,7,500
9483,XiaomiPOCO F2 Pro,12,90:ca:fa:8b:13:b4,0,2541,652,8,7,500
9603,XiaomiPOCO F2 Pro,12,90:ca:fa:8b:13:b4,0,2847,58,8,7,500
9734,XiaomiPOCO F2 Pro,12,90:ca:fa:8b:13:b4,0,2920,747,8,7,500
9852,XiaomiPOCO F2 Pro,12,90:ca:fa:8b:13:b4,0,2197,564,8,7,500
9989,XiaomiPOCO F2 Pro,12,90:ca:fa:8b:13:b4,0,2368,683,8,7,500
10114,XiaomiPOCO F2 Pro,12,90:ca:fa:8b:13:b4,0,2883,711,8,7,500
10233,XiaomiPOCO F2 Pro,12,90:ca:fa:8b:13:b4,0,2424,395,8,7,500
10346,XiaomiPOCO F2 Pro,12,90:ca:fa:8b:13:b4,0,2326,720,8,7,500
10461,XiaomiPOCO F2 Pro,12,90:ca:fa:8b:13:b4,0,2231,208,8,7,500
10568,XiaomiPOCO F2 Pro,12,90:ca:fa:8b:13:b4,0,2534,254,8,7,500
10676,XiaomiPOCO F2 Pro,12,90:ca:fa:8b:13:b4,0,2036,19,8,7,500
10792,XiaomiPOCO F2 Pro,12,90:ca:fa:8b:13:b4,0,2282,707,8,7,500
10898,XiaomiPOCO F2 Pro,12,90:ca:fa:8b:13:b4,0,2856,451,8,7,500
11011,XiaomiPOCO F2 Pro,12,90:ca:fa:8b:13:b4,0,2221,307,8,7,500
11131,XiaomiPOCO F2 Pro,12,90:ca:fa:8b:13:b4,0,2368,244,8,7,500
11243,XiaomiPOCO F2 Pro,12,90:ca:fa:8b:13:b4,0,2392,556,8,7,500
11362,XiaomiPOCO F2 Pro,12,90:ca:fa:8b:13:b4,0,2319,242,8,7,500
11476,XiaomiPOCO F2 Pro,12,90:ca:fa:8b:13:b4,0,2802,631,8,7,500
11601,XiaomiPOCO F2 Pro,12,90:ca:fa:8b:13:b4,0,2116,309,8,7,500
11706,XiaomiPOCO F2 Pro,12,90:ca:fa:8b:13:b4,0,2414,694,8,7,500
11815,XiaomiPOCO F2 Pro,12,90:ca:fa:8b:13:b4,0,2488,497,8,7,500
11947,XiaomiPOCO F2 Pro,12,90:ca:fa:8b:13:b4,0,2233,562,8,7,500
12078,XiaomiPOCO F2 Pro,12,90:ca:fa:8b:13:b4,0,2766,581,8,7,500
12208,XiaomiPOCO F2 Pro,12,90:ca:fa:8b:13:b4,0,2444,603,8,7,500
12318,XiaomiPOCO F2 Pro,12,90:ca:fa:8b:13:b4,0,2446,690,8,7,500
12431,XiaomiPOCO F2 Pro,12,90:ca:fa:8b:13:b4,0,2751,843,8,6,500
12558,XiaomiPOCO F2 Pro,12,90:ca:fa:8b:13:b4,0,2260,414,8,7,500
12671,XiaomiPOCO F2 Pro,12,90:ca:fa:8b:13:b4,0,2590,692,8,7,500
12791,XiaomiPOCO F2 Pro,12,90:ca:fa:8b:13:b4,0,2299,589,8,7,500
12899,XiaomiPOCO F2 Pro,12,90:ca:fa:8b:13:b4,0,2563,664,8,7,500
13028,XiaomiPOCO F2 Pro,12,90:ca:fa:8b:13:b4,0,2431,799,8,7,500
13153,XiaomiPOCO F2 Pro,12,90:ca:fa:8b:13:b4,0,2561,565,8,7,500
13280,XiaomiPOCO F2 Pro,12,90:ca:fa:8b:13:b4,0,2231,181,8,7,500
13394,XiaomiPOCO F2 Pro,12,90:ca:fa:8b:13:b4,0,2605,700,8,7,500
13507,XiaomiPOCO F2 Pro,12,90:ca:fa:8b:13:b4,0,2700,545,8,7,500
13630,XiaomiPOCO F2 Pro,12,90:ca:fa:8b:13:b4,0,2290,229,8,7,500
13747,XiaomiPOCO F2 Pro,12,90:ca:fa:8b:13:b4,0,2370,548,8,7,500
13867,XiaomiPOCO F2 Pro,12,90:ca:fa:8b:13:b4,0,2358,595,8,7,500
13986,XiaomiPOCO F2 Pro,12,90:ca:fa:8b:13:b4,0,2473,674,8,7,500
14103,XiaomiPOCO F2 Pro,12,90:ca:fa:8b:13:b4,0,2197,548,8,7,500
14235,XiaomiPOCO F2 Pro,12,90:ca:fa:8b:13:b4,0,2209,511,8,7,500
14352,XiaomiPOCO F2 Pro,12,90:ca:fa:8b:13:b4,0,3032,62,8,7,500
14463,XiaomiPOCO F2 Pro,12,90:ca:fa:8b:13:b4,0,2524,697,8,7,500
14577,XiaomiPOCO F2 Pro,12,90:ca:fa:8b:13:b4,0,2429,698,8,7,500
14702,XiaomiPOCO F2 Pro,12,90:ca:fa:8b:13:b4,0,2307,343,8,7,500
14814,XiaomiPOCO F2 Pro,12,90:ca:fa:8b:13:b4,0,1967,169,8,7,500
14932,XiaomiPOCO F2 Pro,12,90:ca:fa:8b:13:b4,0,2326,670,8,7,500
15051,XiaomiPOCO F2 Pro,12,90:ca:fa:8b:13:b4,0,2195,362,8,7,500
15159,XiaomiPOCO F2 Pro,12,90:ca:fa:8b:13:b4,0,2539,680,8,7,500
15280,XiaomiPOCO F2 Pro,12,90:ca:fa:8b:13:b4,0,2517,716,8,7,500
15396,XiaomiPOCO F2 Pro,12,90:ca:fa:8b:13:b4,0,2202,342,8,7,500
15515,XiaomiPOCO F2 Pro,12,90:ca:fa:8b:13:b4,0,2512,630,8,7,500
15626,XiaomiPOCO F2 Pro,12,90:ca:fa:8b:13:b4,0,2173,438,8,7,500
15734,XiaomiPOCO F2 Pro,12,90:ca:fa:8b:13:b4,0,2688,784,8,7,500
15854,XiaomiPOCO F2 Pro,12,90:ca:fa:8b:13:b4,0,2497,633,8,7,500
15968,XiaomiPOCO F2 Pro,12,90:ca:fa:8b:13:b4,0,2717,772,8,7,500
16089,XiaomiPOCO F2 Pro,12,90:ca:fa:8b:13:b4,0,2343,468,8,7,500
16203,XiaomiPOCO F2 Pro,12,90:ca:fa:8b:13:b4,0,2307,639,8,7,500
16303,XiaomiPOCO F2 Pro,12,90:ca:fa:8b:13:b4,0,2290,230,8,7,500
16418,XiaomiPOCO F2 Pro,12,90:ca:fa:8b:13:b4,0,2358,415,8,7,500
16537,XiaomiPOCO F2 Pro,12,90:ca:fa:8b:13:b4,0,2597,712,8,7,500
16646,XiaomiPOCO F2 Pro,12,90:ca:fa:8b:13:b4,0,2651,613,8,7,500
16755,XiaomiPOCO F2 Pro,12,90:ca:fa:8b:13:b4,0,2427,507,8,7,500
16871,XiaomiPOCO F2 Pro,12,90:ca:fa:8b:13:b4,0,2358,18,8,7,500
16987,XiaomiPOCO F2 Pro,12,90:ca:fa:8b:13:b4,0,2495,270,8,7,500
17104,XiaomiPOCO F2 Pro,12,90:ca:fa:8b:13:b4,0,2334,733,8,7,500
17221,XiaomiPOCO F2 Pro,12,90:ca:fa:8b:13:b4,0,2473,641,8,7,500
17346,XiaomiPOCO F2 Pro,12,90:ca:fa:8b:13:b4,0,2539,249,8,7,500
17455,XiaomiPOCO F2 Pro,12,90:ca:fa:8b:13:b4,0,2641,737,8,7,500
17567,XiaomiPOCO F2 Pro,12,90:ca:fa:8b:13:b4,0,2612,685,8,7,500
17683,XiaomiPOCO F2 Pro,12,90:ca:fa:8b:13:b4,0,2846,264,8,7,500
17807,XiaomiPOCO F2 Pro,12,90:ca:fa:8b:13:b4,0,2195,383,8,7,500
17923,XiaomiPOCO F2 Pro,12,90:ca:fa:8b:13:b4,0,2402,765,8,7,500
18040,XiaomiPOCO F2 Pro,12,90:ca:fa:8b:13:b4,0,2600,712,8,7,500
18161,XiaomiPOCO F2 Pro,12,90:ca:fa:8b:13:b4,0,2590,616,8,7,500
18270,XiaomiPOCO F2 Pro,12,90:ca:fa:8b:13:b4,0,2395,498,8,7,500
18398,XiaomiPOCO F2 Pro,12,90:ca:fa:8b:13:b4,0,2661,545,8,7,500
18509,XiaomiPOCO F2 Pro,12,90:ca:fa:8b:13:b4,0,2571,588,8,7,500
18619,XiaomiPOCO F2 Pro,12,90:ca:fa:8b:13:b4,0,2680,466,8,7,500
18725,XiaomiPOCO F2 Pro,12,90:ca:fa:8b:13:b4,0,3037,678,8,7,500
18848,XiaomiPOCO F2 Pro,12,90:ca:fa:8b:13:b4,0,2519,593,8,7,500
18967,XiaomiPOCO F2 Pro,12,90:ca:fa:8b:13:b4,0,2634,591,8,7,500
19085,XiaomiPOCO F2 Pro,12,90:ca:fa:8b:13:b4,0,2775,624,8,7,500
19215,XiaomiPOCO F2 Pro,12,90:ca:fa:8b:13:b4,0,2531,443,8,7,500
19326,XiaomiPOCO F2 Pro,12,90:ca:fa:8b:13:b4,0,2658,132,8,7,500
19455,XiaomiPOCO F2 Pro,12,90:ca:fa:8b:13:b4,0,2168,75,8,4,500
19600,XiaomiPOCO F2 Pro,12,90:ca:fa:8b:13:b4,0,2563,599,8,7,500
19743,XiaomiPOCO F2 Pro,12,90:ca:fa:8b:13:b4,0,2192,107,8,7,500
19842,XiaomiPOCO F2 Pro,12,90:ca:fa:8b:13:b4,0,2563,682,8,5,500
19933,XiaomiPOCO F2 Pro,12,90:ca:fa:8b:13:b4,0,2094,357,8,7,500