Time (ms),Device,Android Version,AP MAC Address,Status,Distance (mm),Std Dev (mm),Attempted Measurements,Successful Measurements,Real Distance (mm),Orientation
0,XiaomiPOCO F2 Pro,12,90:ca:fa:8b:13:b4,0,1216,204,8,7,500,1
59,XiaomiPOCO F2 Pro,12,90:ca:fa:8b:13:b4,0,2268,616,8,7,500,1
186,XiaomiPOCO F2 Pro,12,90:ca:fa:8b:13:b4,0,2458,612,8,7,500,1
292,XiaomiPOCO F2 Pro,12,90:ca:fa:8b:13:b4,0,2195,381,8,7,500,1
398,XiaomiPOCO F2 Pro,12,90:ca:fa:8b:13:b4,0,2685,612,8,7,500,1
509,XiaomiPOCO F2 Pro,12,90:ca:fa:8b:13:b4,0,2568,661,8,7,500,1
614,XiaomiPOCO F2 Pro,12,90:ca:fa:8b:13:b4,0,2368,160,8,7,500,1
726,XiaomiPOCO F2 Pro,12,90:ca:fa:8b:13:b4,0,2839,566,8,7,500,1
846,XiaomiPOCO F2 Pro,12,90:ca:fa:8b:13:b4,0,1841,76,8,7,500,1
968,XiaomiPOCO F2 Pro,12,90:ca:fa:8b:13:b4,0,2363,220,8,7,500,1
1088,XiaomiPOCO F2 Pro,12,90:ca:fa:8b:13:b4,0,2563,156,8,7,500,1
1199,XiaomiPOCO F2 Pro,12,90:ca:fa:8b:13:b4,0,2146,432,8,7,500,1
1315,XiaomiPOCO F2 Pro,12,90:ca:fa:8b:13:b4,0,2348,251,8,7,500,1
1442,XiaomiPOCO F2 Pro,12,90:ca:fa:8b:13:b4,0,2729,601,8,7,500,1
1553,XiaomiPOCO F2 Pro,12,90:ca:fa:8b:13:b4,0,2556,602,8,7,500,1
1664,XiaomiPOCO F2 Pro,12,90:ca:fa:8b:13:b4,0,2094,145,8,7,500,1
1765,XiaomiPOCO F2 Pro,12,90:ca:fa:8b:13:b4,0,2553,203,8,7,500,1
1874,XiaomiPOCO F2 Pro,12,90:ca:fa:8b:13:b4,0,2260,451,8,7,500,1
1981,XiaomiPOCO F2 Pro,12,90:ca:fa:8b:13:b4,0,2607,724,8,7,500,1
2109,XiaomiPOCO F2 Pro,12,90:ca:fa:8b:13:b4,0,1816,131,8,7,500,1
2220,XiaomiPOCO F2 Pro,12,90:ca:fa:8b:13:b4,0,1987,263,8,7,500,1
2342,XiaomiPOCO F2 Pro,12,90:ca:fa:8b:13:b4,0,2446,88,8,7,500,1
2456,XiaomiPOCO F2 Pro,12,90:ca:fa:8b:13:b4,0,2270,164,8,7,500,1
2574,XiaomiPOCO F2 Pro,12,90:ca:fa:8b:13:b4,0,2270,491,8,7,500,1
2692,XiaomiPOCO F2 Pro,12,90:ca:fa:8b:13:b4,0,2319,256,8,7,500,1
2808,XiaomiPOCO F2 Pro,12,90:ca:fa:8b:13:b4,0,2378,497,8,7,500,1
2927,XiaomiPOCO F2 Pro,12,90:ca:fa:8b:13:b4,0,1977,270,8,7,500,1
3033,XiaomiPOCO F2 Pro,12,90:ca:fa:8b:13:b4,0,2861,688,8,7,500,1
3158,XiaomiPOCO F2 Pro,12,90:ca:fa:8b:13:b4,0,1958,85,8,7,500,1
3275,XiaomiPOCO F2 Pro,12,90:ca:fa:8b:13:b4,0,2380,620,8,7,500,1
3391,XiaomiPOCO F2 Pro,12,90:ca:fa:8b:13:b4,0,2575,608,8,7,500,1
3511,XiaomiPOCO F2 Pro,12,90:ca:fa:8b:13:b4,0,2058,397,8,7,500,1
3631,XiaomiPOCO F2 Pro,12,90:ca:fa:8b:13:b4,0,2241,236,8,7,500,1
3748,XiaomiPOCO F2 Pro,12,90:ca:fa:8b:13:b4,0,2133,192,8,7,500,1
3862,XiaomiPOCO F2 Pro,12,90:ca:fa:8b:13:b4,0,2277,388,8,7,500,1
3979,XiaomiPOCO F2 Pro,12,90:ca:fa:8b:13:b4,0,1987,236,8,7,500,1
4100,XiaomiPOCO F2 Pro,12,90:ca:fa:8b:13:b4,0,2634,710,8,7,500,1
4214,XiaomiPOCO F2 Pro,12,90:ca:fa:8b:13:b4,0,2495,708,8,7,500,1
4323,XiaomiPOCO F2 Pro,12,90:ca:fa:8b:13:b4,0,2163,177,8,7,500,1
4438,XiaomiPOCO F2 Pro,12,90:ca:fa:8b:13:b4,0,2180,468,8,7,500,1
4560,XiaomiPOCO F2 Pro,12,90:ca:fa:8b:13:b4,0,2338,365,8,7,500,1
4680,XiaomiPOCO F2 Pro,12,90:ca:fa:8b:13:b4,0,2754,741,8,7,500,1
4792,XiaomiPOCO F2 Pro,12,90:ca:fa:8b:13:b4,0,2261,215,8,7,500,1
4914,XiaomiPOCO F2 Pro,12,90:ca:fa:8b:13:b4,0,2358,559,8,7,500,1
5043,XiaomiPOCO F2 Pro,12,90:ca:fa:8b:13:b4,0,2622,634,8,7,500,1
5163,XiaomiPOCO F2 Pro,12,90:ca:fa:8b:13:b4,0,2954,425,8,7,500,1
5279,XiaomiPOCO F2 Pro,12,90:ca:fa:8b:13:b4,0,2231,212,8,7,500,1
5401,XiaomiPOCO F2 Pro,12,90:ca:fa:8b:13:b4,0,2739,312,8,7,500,1
5521,XiaomiPOCO F2 Pro,12,90:ca:fa:8b:13:b4,0,2275,408,8,7,500,1
5639,XiaomiPOCO F2 Pro,12,90:ca:fa:8b:13:b4,0,2290,526,8,7,500,1
5753,XiaomiPOCO F2 Pro,12,90:ca:fa:8b:13:b4,0,2329,971,8,7,500,1
5874,XiaomiPOCO F2 Pro,12,90:ca:fa:8b:13:b4,0,2260,604,8,7,500,1
5986,XiaomiPOCO F2 Pro,12,90:ca:fa:8b:13:b4,0,2153,235,8,7,500,1
6112,XiaomiPOCO F2 Pro,12,90:ca:fa:8b:13:b4,0,2385,624,8,7,500,1
6229,XiaomiPOCO F2 Pro,12,90:ca:fa:8b:13:b4,0,2348,588,8,7,500,1
6344,XiaomiPOCO F2 Pro,12,90:ca:fa:8b:13:b4,0,2524,700,8,7,500,1
6470,XiaomiPOCO F2 Pro,12,90:ca:fa:8b:13:b4,0,2553,188,8,7,500,1
6596,XiaomiPOCO F2 Pro,12,90:ca:fa:8b:13:b4,0,2251,549,8,7,500,1
6714,XiaomiPOCO F2 Pro,12,90:ca:fa:8b:13:b4,0,2495,121,8,7,500,1
6833,XiaomiPOCO F2 Pro,12,90:ca:fa:8b:13:b4,0,2739,620,8,7,500,1
6964,XiaomiPOCO F2 Pro,12,90:ca:fa:8b:13:b4,0,2212,185,8,7,500,1
7081,XiaomiPOCO F2 Pro,12,90:ca:fa:8b:13:b4,0,2863,733,8,7,500,1
7207,XiaomiPOCO F2 Pro,12,90:ca:fa:8b:13:b4,0,1870,97,8,7,500,1
7336,XiaomiPOCO F2 Pro,12,90:ca:fa:8b:13:b4,0,2085,181,8,7,500,1
7466,XiaomiPOCO F2 Pro,12,90:ca:fa:8b:13:b4,0,2641,107,8,7,500,1
7581,XiaomiPOCO F2 Pro,12,90:ca:fa:8b:13:b4,0,2737,697,8,7,500,1
7705,XiaomiPOCO F2 Pro,12,90:ca:fa:8b:13:b4,0,2827,684,8,7,500,1
7833,XiaomiPOCO F2 Pro,12,90:ca:fa:8b:13:b4,0,2204,425,8,7,500,1
7957,XiaomiPOCO F2 Pro,12,90:ca:fa:8b:13:b4,0,2680,619,8,7,500,1
8095,XiaomiPOCO F2 Pro,12,90:ca:fa:8b:13:b4,0,2436,462,8,7,500,1
8232,XiaomiPOCO F2 Pro,12,90:ca:fa:8b:13:b4,0,2746,636,8,7,500,1
8363,XiaomiPOCO F2 Pro,12,90:ca:fa:8b:13:b4,0,2085,321,8,7,500,1
8496,XiaomiPOCO F2 Pro,12,90:ca:fa:8b:13:b4,0,2378,541,8,7,500,1
8626,XiaomiPOCO F2 Pro,12,90:ca:fa:8b:13:b4,0,2285,575,8,7,500,1
8755,XiaomiPOCO F2 Pro,12,90:ca:fa:8b:13:b4,0,2597,805,8,7,500,1
8869,XiaomiPOCO F2 Pro,12,90:ca:fa:8b:13:b4,0,2363,454,8,7,500,1
8997,XiaomiPOCO F2 Pro,12,90:ca:fa:8b:13:b4,0,2553,1098,8,7,500,1
9136,XiaomiPOCO F2 Pro,12,90:ca:fa:8b:13:b4,0,2661,122,8,7,500,1
9259,XiaomiPOCO F2 Pro,12,90:ca:fa:8b:13:b4,0,2629,721,8,7,500,1
9396,XiaomiPOCO F2 Pro,12,90:ca:fa:8b:13:b4,0,2351,570,8,7,500,1
9522,XiaomiPOCO F2 Pro,12,90:ca:fa:8b:13:b4,0,2116,361,8,7,500,1
9633,XiaomiPOCO F2 Pro,12,90:ca:fa:8b:13:b4,0,2856,115,8,7,500,1
9742,XiaomiPOCO F2 Pro,12,90:ca:fa:8b:13:b4,0,2612,672,8,7,500,1
9852,XiaomiPOCO F2 Pro,12,90:ca:fa:8b:13:b4,0,2575,688,8,7,500,1
9972,XiaomiPOCO F2 Pro,12,90:ca:fa:8b:13:b4,0,2239,482,8,7,500,1
10086,XiaomiPOCO F2 Pro,12,90:ca:fa:8b:13:b4,0,2575,741,8,7,500,1
10201,XiaomiPOCO F2 Pro,12,90:ca:fa:8b:13:b4,0,1919,107,8,7,500,1
10323,XiaomiPOCO F2 Pro,12,90:ca:fa:8b:13:b4,0,2824,693,8,7,500,1
10439,XiaomiPOCO F2 Pro,12,90:ca:fa:8b:13:b4,0,2602,1008,8,7,500,1
10559,XiaomiPOCO F2 Pro,12,90:ca:fa:8b:13:b4,0,1831,105,8,7,500,1
10670,XiaomiPOCO F2 Pro,12,90:ca:fa:8b:13:b4,0,2671,29,8,4,500,1
10799,XiaomiPOCO F2 Pro,12,90:ca:fa:8b:13:b4,0,1806,278,8,6,500,1
10932,XiaomiPOCO F2 Pro,12,90:ca:fa:8b:13:b4,0,2620,579,8,7,500,1
11077,XiaomiPOCO F2 Pro,12,90:ca:fa:8b:13:b4,0,1821,150,8,6,500,1
11155,XiaomiPOCO F2 Pro,12,90:ca:fa:8b:13:b4,0,1811,53,8,7,500,1
11298,XiaomiPOCO F2 Pro,12,90:ca:fa:8b:13:b4,0,2284,757,8,7,500,1
11455,XiaomiPOCO F2 Pro,12,90:ca:fa:8b:13:b4,0,2095,396,8,7,500,1
11537,XiaomiPOCO F2 Pro,12,90:ca:fa:8b:13:b4,0,2270,615,8,7,500,1
11688,XiaomiPOCO F2 Pro,12,90:ca:fa:8b:13:b4,0,2436,486,8,7,500,1
11842,XiaomiPOCO F2 Pro,12,90:ca:fa:8b:13:b4,0,2385,684,8,7,500,1
11960,XiaomiPOCO F2 Pro,12,90:ca:fa:8b:13:b4,0,1880,74,8,7,500,1
12113,XiaomiPOCO F2 Pro,12,90:ca:fa:8b:13:b4,0,2444,643,8,7,500,1
12270,XiaomiPOCO F2 Pro,12,90:ca:fa:8b:13:b4,0,2485,299,8,7,500,1
12424,XiaomiPOCO F2 Pro,12,90:ca:fa:8b:13:b4,0,2075,263,8,7,500,1
12576,XiaomiPOCO F2 Pro,12,90:ca:fa:8b:13:b4,0,1714,498,8,7,500,1
12693,XiaomiPOCO F2 Pro,12,90:ca:fa:8b:13:b4,0,1636,69,8,7,500,1
12849,XiaomiPOCO F2 Pro,12,90:ca:fa:8b:13:b4,0,2312,436,8,7,500,1
12999,XiaomiPOCO F2 Pro,12,90:ca:fa:8b:13:b4,0,2275,548,8,7,500,1
13155,XiaomiPOCO F2 Pro,12,90:ca:fa:8b:13:b4,0,1704,111,8,7,500,1
13307,XiaomiPOCO F2 Pro,12,90:ca:fa:8b:13:b4,0,2612,506,8,7,500,1
13460,XiaomiPOCO F2 Pro,12,90:ca:fa:8b:13:b4,0,2121,497,8,7,500,1
13615,XiaomiPOCO F2 Pro,12,90:ca:fa:8b:13:b4,0,1958,108,8,7,500,1
13763,XiaomiPOCO F2 Pro,12,90:ca:fa:8b:13:b4,0,1850,64,8,7,500,1
13926,XiaomiPOCO F2 Pro,12,90:ca:fa:8b:13:b4,0,2573,702,8,5,500,1
13983,XiaomiPOCO F2 Pro,12,90:ca:fa:8b:13:b4,0,1831,83,8,7,500,1
14047,XiaomiPOCO F2 Pro,12,90:ca:fa:8b:13:b4,0,2026,728,8,7,500,1
14103,XiaomiPOCO F2 Pro,12,90:ca:fa:8b:13:b4,0,2246,104,8,7,500,1
14161,XiaomiPOCO F2 Pro,12,90:ca:fa:8b:13:b4,0,2104,90,8,7,500,1
14215,XiaomiPOCO F2 Pro,12,90:ca:fa:8b:13:b4,0,2661,187,8,7,500,1
14269,XiaomiPOCO F2 Pro,12,90:ca:fa:8b:13:b4,0,3308,1112,8,7,500,1
14321,XiaomiPOCO F2 Pro,12,90:ca:fa:8b:13:b4,0,1645,86,8,7,500,1
14377,XiaomiPOCO F2 Pro,12,90:ca:fa:8b:13:b4,0,1352,109,8,7,500,1
14440,XiaomiPOCO F2 Pro,12,90:ca:fa:8b:13:b4,0,2085,444,8,7,500,1
14499,XiaomiPOCO F2 Pro,12,90:ca:fa:8b:13:b4,0,1762,92,8,7,500,1
14561,XiaomiPOCO F2 Pro,12,90:ca:fa:8b:13:b4,0,2597,712,8,7,500,1
14621,XiaomiPOCO F2 Pro,12,90:ca:fa:8b:13:b4,0,1960,394,8,7,500,1
14687,XiaomiPOCO F2 Pro,12,90:ca:fa:8b:13:b4,0,1567,17,8,7,500,1
14764,XiaomiPOCO F2 Pro,12,90:ca:fa:8b:13:b4,0,2348,159,8,7,500,1
14894,XiaomiPOCO F2 Pro,12,90:ca:fa:8b:13:b4,0,1967,297,8,7,500,1
15014,XiaomiPOCO F2 Pro,12,90:ca:fa:8b:13:b4,0,2553,707,8,7,500,1
15149,XiaomiPOCO F2 Pro,12,90:ca:fa:8b:13:b4,0,2194,541,8,7,500,1
15255,XiaomiPOCO F2 Pro,12,90:ca:fa:8b:13:b4,0,1792,72,8,7,500,1
15374,XiaomiPOCO F2 Pro,12,90:ca:fa:8b:13:b4,0,2590,486,8,7,500,1
15491,XiaomiPOCO F2 Pro,12,90:ca:fa:8b:13:b4,0,2597,691,8,7,500,1
15615,XiaomiPOCO F2 Pro,12,90:ca:fa:8b:13:b4,0,2612,173,8,7,500,1
15724,XiaomiPOCO F2 Pro,12,90:ca:fa:8b:13:b4,0,2883,750,8,7,500,1
15844,XiaomiPOCO F2 Pro,12,90:ca:fa:8b:13:b4,0,2153,131,8,7,500,1
15959,XiaomiPOCO F2 Pro,12,90:ca:fa:8b:13:b4,0,2490,464,8,7,500,1
16074,XiaomiPOCO F2 Pro,12,90:ca:fa:8b:13:b4,0,2304,463,8,7,500,1
16184,XiaomiPOCO F2 Pro,12,90:ca:fa:8b:13:b4,0,2209,386,8,7,500,1
16290,XiaomiPOCO F2 Pro,12,90:ca:fa:8b:13:b4,0,2085,87,8,7,500,1
16412,XiaomiPOCO F2 Pro,12,90:ca:fa:8b:13:b4,0,2116,389,8,7,500,1
16531,XiaomiPOCO F2 Pro,12,90:ca:fa:8b:13:b4,0,1733,187,8,7,500,1
16651,XiaomiPOCO F2 Pro,12,90:ca:fa:8b:13:b4,0,2641,105,8,7,500,1
16766,XiaomiPOCO F2 Pro,12,90:ca:fa:8b:13:b4,0,2248,397,8,7,500,1
16891,XiaomiPOCO F2 Pro,12,90:ca:fa:8b:13:b4,0,2402,714,8,7,500,1
17027,XiaomiPOCO F2 Pro,12,90:ca:fa:8b:13:b4,0,1840,288,8,7,500,1
17153,XiaomiPOCO F2 Pro,12,90:ca:fa:8b:13:b4,0,2707,672,8,7,500,1
17274,XiaomiPOCO F2 Pro,12,90:ca:fa:8b:13:b4,0,2714,598,8,7,500,1
17392,XiaomiPOCO F2 Pro,12,90:ca:fa:8b:13:b4,0,2495,108,8,7,500,1
17529,XiaomiPOCO F2 Pro,12,90:ca:fa:8b:13:b4,0,2817,502,8,7,500,1
17656,XiaomiPOCO F2 Pro,12,90:ca:fa:8b:13:b4,0,2485,1215,8,7,500,1
17771,XiaomiPOCO F2 Pro,12,90:ca:fa:8b:13:b4,0,2436,446,8,7,500,1
17889,XiaomiPOCO F2 Pro,12,90:ca:fa:8b:13:b4,0,2202,153,8,7,500,1
18009,XiaomiPOCO F2 Pro,12,90:ca:fa:8b:13:b4,0,2709,681,8,7,500,1
18129,XiaomiPOCO F2 Pro,12,90:ca:fa:8b:13:b4,0,2465,228,8,7,500,1
18261,XiaomiPOCO F2 Pro,12,90:ca:fa:8b:13:b4,0,2656,567,8,7,500,1
18396,XiaomiPOCO F2 Pro,12,90:ca:fa:8b:13:b4,0,2085,514,8,7,500,1
18529,XiaomiPOCO F2 Pro,12,90:ca:fa:8b:13:b4,0,2780,661,8,7,500,1
18661,XiaomiPOCO F2 Pro,12,90:ca:fa:8b:13:b4,0,2436,701,8,7,500,1
18774,XiaomiPOCO F2 Pro,12,90:ca:fa:8b:13:b4,0,2248,556,8,7,500,1
18896,XiaomiPOCO F2 Pro,12,90:ca:fa:8b:13:b4,0,2387,569,8,7,500,1
19025,XiaomiPOCO F2 Pro,12,90:ca:fa:8b:13:b4,0,2297,501,8,7,500,1
19137,XiaomiPOCO F2 Pro,12,90:ca:fa:8b:13:b4,0,2231,156,8,7,500,1
19260,XiaomiPOCO F2 Pro,12,90:ca:fa:8b:13:b4,0,2329,87,8,7,500,1
19374,XiaomiPOCO F2 Pro,12,90:ca:fa:8b:13:b4,0,2583,653,8,7,500,1
19492,XiaomiPOCO F2 Pro,12,90:ca:fa:8b:13:b4,0,1909,227,8,7,500,1
19613,XiaomiPOCO F2 Pro,12,90:ca:fa:8b:13:b4,0,2612,671,8,7,500,1
19728,XiaomiPOCO F2 Pro,12,90:ca:fa:8b:13:b4,0,2446,264,8,7,500,1
19851,XiaomiPOCO F2 Pro,12,90:ca:fa:8b:13:b4,0,2692,567,8,7,500,1
0,XiaomiPOCO F2 Pro,12,90:ca:fa:8b:13:b4,0,1811,1163,8,7,500,2
61,XiaomiPOCO F2 Pro,12,90:ca:fa:8b:13:b4,0,1996,330,8,7,500,2
182,XiaomiPOCO F2 Pro,12,90:ca:fa:8b:13:b4,0,2456,147,8,7,500,2
284,XiaomiPOCO F2 Pro,12,90:ca:fa:8b:13:b4,0,3247,311,8,7,500,2
386,XiaomiPOCO F2 Pro,12,90:ca:fa:8b:13:b4,0,3208,312,8,7,500,2
489,XiaomiPOCO F2 Pro,12,90:ca:fa:8b:13:b4,0,2885,346,8,7,500,2
594,XiaomiPOCO F2 Pro,12,90:ca:fa:8b:13:b4,0,3286,897,8,7,500,2
699,XiaomiPOCO F2 Pro,12,90:ca:fa:8b:13:b4,0,2543,987,8,7,500,2
809,XiaomiPOCO F2 Pro,12,90:ca:fa:8b:13:b4,0,2202,316,8,7,500,2
926,XiaomiPOCO F2 Pro,12,90:ca:fa:8b:13:b4,0,3044,1200,8,7,500,2
1044,XiaomiPOCO F2 Pro,12,90:ca:fa:8b:13:b4,0,1499,513,8,7,500,2
1164,XiaomiPOCO F2 Pro,12,90:ca:fa:8b:13:b4,0,3159,920,8,7,500,2
1289,XiaomiPOCO F2 Pro,12,90:ca:fa:8b:13:b4,0,2612,135,8,7,500,2
1410,XiaomiPOCO F2 Pro,12,90:ca:fa:8b:13:b4,0,2758,1098,8,7,500,2
1533,XiaomiPOCO F2 Pro,12,90:ca:fa:8b:13:b4,0,3168,174,8,7,500,2
1650,XiaomiPOCO F2 Pro,12,90:ca:fa:8b:13:b4,0,2280,223,8,7,500,2
1760,XiaomiPOCO F2 Pro,12,90:ca:fa:8b:13:b4,0,2807,141,8,7,500,2
1883,XiaomiPOCO F2 Pro,12,90:ca:fa:8b:13:b4,0,2802,43,8,7,500,2
1996,XiaomiPOCO F2 Pro,12,90:ca:fa:8b:13:b4,0,2505,169,8,7,500,2
2112,XiaomiPOCO F2 Pro,12,90:ca:fa:8b:13:b4,0,2973,779,8,7,500,2
2236,XiaomiPOCO F2 Pro,12,90:ca:fa:8b:13:b4,0,2524,137,8,7,500,2
2354,XiaomiPOCO F2 Pro,12,90:ca:fa:8b:13:b4,0,2934,670,8,7,500,2
2464,XiaomiPOCO F2 Pro,12,90:ca:fa:8b:13:b4,0,3227,836,8,7,500,2
2578,XiaomiPOCO F2 Pro,12,90:ca:fa:8b:13:b4,0,2221,245,8,7,500,2
2703,XiaomiPOCO F2 Pro,12,90:ca:fa:8b:13:b4,0,2158,219,8,7,500,2
2814,XiaomiPOCO F2 Pro,12,90:ca:fa:8b:13:b4,0,3383,227,8,7,500,2
2933,XiaomiPOCO F2 Pro,12,90:ca:fa:8b:13:b4,0,1928,217,8,7,500,2
3052,XiaomiPOCO F2 Pro,12,90:ca:fa:8b:13:b4,0,2524,441,8,7,500,2
3173,XiaomiPOCO F2 Pro,12,90:ca:fa:8b:13:b4,0,2973,218,8,7,500,2
3290,XiaomiPOCO F2 Pro,12,90:ca:fa:8b:13:b4,0,2719,240,8,7,500,2
3412,XiaomiPOCO F2 Pro,12,90:ca:fa:8b:13:b4,0,2573,408,8,7,500,2
3526,XiaomiPOCO F2 Pro,12,90:ca:fa:8b:13:b4,0,2167,220,8,7,500,2
3636,XiaomiPOCO F2 Pro,12,90:ca:fa:8b:13:b4,0,2456,936,8,7,500,2
3762,XiaomiPOCO F2 Pro,12,90:ca:fa:8b:13:b4,0,2426,222,8,7,500,2
3878,XiaomiPOCO F2 Pro,12,90:ca:fa:8b:13:b4,0,2563,199,8,7,500,2
3991,XiaomiPOCO F2 Pro,12,90:ca:fa:8b:13:b4,0,2114,0,8,7,500,2
4126,XiaomiPOCO F2 Pro,12,90:ca:fa:8b:13:b4,0,1557,0,8,3,500,2
4267,XiaomiPOCO F2 Pro,12,90:ca:fa:8b:13:b4,0,2319,828,8,7,500,2
4415,XiaomiPOCO F2 Pro,12,90:ca:fa:8b:13:b4,0,3564,131,8,5,500,2
4514,XiaomiPOCO F2 Pro,12,90:ca:fa:8b:13:b4,0,2929,713,8,7,500,2
4599,XiaomiPOCO F2 Pro,12,90:ca:fa:8b:13:b4,0,3305,205,8,7,500,2
4737,XiaomiPOCO F2 Pro,12,90:ca:fa:8b:13:b4,0,2788,118,8,7,500,2
4853,XiaomiPOCO F2 Pro,12,90:ca:fa:8b:13:b4,0,2480,104,8,7,500,2
4940,XiaomiPOCO F2 Pro,12,90:ca:fa:8b:13:b4,0,2026,143,8,7,500,2
5091,XiaomiPOCO F2 Pro,12,90:ca:fa:8b:13:b4,0,2202,544,8,7,500,2
5244,XiaomiPOCO F2 Pro,12,90:ca:fa:8b:13:b4,0,2524,709,8,7,500,2
5401,XiaomiPOCO F2 Pro,12,90:ca:fa:8b:13:b4,0,2466,389,8,7,500,2
5558,XiaomiPOCO F2 Pro,12,90:ca:fa:8b:13:b4,0,1743,109,8,7,500,2
5719,XiaomiPOCO F2 Pro,12,90:ca:fa:8b:13:b4,0,3012,744,8,7,500,2
5874,XiaomiPOCO F2 Pro,12,90:ca:fa:8b:13:b4,0,2729,293,8,7,500,2
6032,XiaomiPOCO F2 Pro,12,90:ca:fa:8b:13:b4,0,2641,229,8,7,500,2
6192,XiaomiPOCO F2 Pro,12,90:ca:fa:8b:13:b4,0,1880,110,8,7,500,2
6342,XiaomiPOCO F2 Pro,12,90:ca:fa:8b:13:b4,0,2583,744,8,7,500,2
6499,XiaomiPOCO F2 Pro,12,90:ca:fa:8b:13:b4,0,2612,276,8,7,500,2
6661,XiaomiPOCO F2 Pro,12,90:ca:fa:8b:13:b4,0,2026,275,8,7,500,2
6810,XiaomiPOCO F2 Pro,12,90:ca:fa:8b:13:b4,0,2304,529,8,7,500,2
6968,XiaomiPOCO F2 Pro,12,90:ca:fa:8b:13:b4,0,2019,444,8,7,500,2
7128,XiaomiPOCO F2 Pro,12,90:ca:fa:8b:13:b4,0,2436,628,8,7,500,2
7268,XiaomiPOCO F2 Pro,12,90:ca:fa:8b:13:b4,0,2221,222,8,7,500,2
7430,XiaomiPOCO F2 Pro,12,90:ca:fa:8b:13:b4,0,1675,29,8,5,500,2
7490,XiaomiPOCO F2 Pro,12,90:ca:fa:8b:13:b4,0,2768,868,8,7,500,2
7552,XiaomiPOCO F2 Pro,12,90:ca:fa:8b:13:b4,0,2768,324,8,7,500,2
7618,XiaomiPOCO F2 Pro,12,90:ca:fa:8b:13:b4,0,2085,205,8,7,500,2
7679,XiaomiPOCO F2 Pro,12,90:ca:fa:8b:13:b4,0,1850,23,8,7,500,2
7740,XiaomiPOCO F2 Pro,12,90:ca:fa:8b:13:b4,0,2739,936,8,7,500,2
7856,XiaomiPOCO F2 Pro,12,90:ca:fa:8b:13:b4,0,3266,135,8,7,500,2
7916,XiaomiPOCO F2 Pro,12,90:ca:fa:8b:13:b4,0,3676,0,8,7,500,2
7976,XiaomiPOCO F2 Pro,12,90:ca:fa:8b:13:b4,0,3654,450,8,7,500,2
8037,XiaomiPOCO F2 Pro,12,90:ca:fa:8b:13:b4,0,3423,289,8,7,500,2
8101,XiaomiPOCO F2 Pro,12,90:ca:fa:8b:13:b4,0,1860,108,8,7,500,2
8164,XiaomiPOCO F2 Pro,12,90:ca:fa:8b:13:b4,0,3052,63,8,7,500,2
8232,XiaomiPOCO F2 Pro,12,90:ca:fa:8b:13:b4,0,2651,41,8,7,500,2
8300,XiaomiPOCO F2 Pro,12,90:ca:fa:8b:13:b4,0,4194,60,8,7,500,2
8382,XiaomiPOCO F2 Pro,12,90:ca:fa:8b:13:b4,0,3176,635,8,7,500,2
8511,XiaomiPOCO F2 Pro,12,90:ca:fa:8b:13:b4,0,3286,1054,8,7,500,2
8629,XiaomiPOCO F2 Pro,12,90:ca:fa:8b:13:b4,0,3208,1153,8,7,500,2
8747,XiaomiPOCO F2 Pro,12,90:ca:fa:8b:13:b4,0,3135,190,8,7,500,2
8860,XiaomiPOCO F2 Pro,12,90:ca:fa:8b:13:b4,0,3325,732,8,7,500,2
8982,XiaomiPOCO F2 Pro,12,90:ca:fa:8b:13:b4,0,2309,226,8,7,500,2
9097,XiaomiPOCO F2 Pro,12,90:ca:fa:8b:13:b4,0,3628,170,8,7,500,2
9217,XiaomiPOCO F2 Pro,12,90:ca:fa:8b:13:b4,0,3081,796,8,7,500,2
9335,XiaomiPOCO F2 Pro,12,90:ca:fa:8b:13:b4,0,2212,206,8,7,500,2
9447,XiaomiPOCO F2 Pro,12,90:ca:fa:8b:13:b4,0,2768,205,8,7,500,2
9566,XiaomiPOCO F2 Pro,12,90:ca:fa:8b:13:b4,0,1831,33,8,7,500,2
9682,XiaomiPOCO F2 Pro,12,90:ca:fa:8b:13:b4,0,3271,161,8,7,500,2
9803,XiaomiPOCO F2 Pro,12,90:ca:fa:8b:13:b4,0,2046,121,8,7,500,2
9933,XiaomiPOCO F2 Pro,12,90:ca:fa:8b:13:b4,0,2153,214,8,7,500,2
10048,XiaomiPOCO F2 Pro,12,90:ca:fa:8b:13:b4,0,3247,194,8,7,500,2
10162,XiaomiPOCO F2 Pro,12,90:ca:fa:8b:13:b4,0,1977,110,8,7,500,2
10286,XiaomiPOCO F2 Pro,12,90:ca:fa:8b:13:b4,0,2719,109,8,7,500,2
10396,XiaomiPOCO F2 Pro,12,90:ca:fa:8b:13:b4,0,2788,237,8,7,500,2
10515,XiaomiPOCO F2 Pro,12,90:ca:fa:8b:13:b4,0,3237,827,8,7,500,2
10639,XiaomiPOCO F2 Pro,12,90:ca:fa:8b:13:b4,0,2632,133,8,7,500,2
10739,XiaomiPOCO F2 Pro,12,90:ca:fa:8b:13:b4,0,3159,813,8,7,500,2
10844,XiaomiPOCO F2 Pro,12,90:ca:fa:8b:13:b4,0,3071,908,8,7,500,2
10962,XiaomiPOCO F2 Pro,12,90:ca:fa:8b:13:b4,0,2944,36,8,7,500,2
11086,XiaomiPOCO F2 Pro,12,90:ca:fa:8b:13:b4,0,2758,1023,8,7,500,2
11202,XiaomiPOCO F2 Pro,12,90:ca:fa:8b:13:b4,0,3652,131,8,7,500,2
11328,XiaomiPOCO F2 Pro,12,90:ca:fa:8b:13:b4,0,2475,90,8,7,500,2
11457,XiaomiPOCO F2 Pro,12,90:ca:fa:8b:13:b4,0,3559,795,8,7,500,2
11582,XiaomiPOCO F2 Pro,12,90:ca:fa:8b:13:b4,0,2563,288,8,7,500,2
11709,XiaomiPOCO F2 Pro,12,90:ca:fa:8b:13:b4,0,3486,160,8,7,500,2
11829,XiaomiPOCO F2 Pro,12,90:ca:fa:8b:13:b4,0,2524,146,8,7,500,2
11952,XiaomiPOCO F2 Pro,12,90:ca:fa:8b:13:b4,0,2544,240,8,7,500,2
12081,XiaomiPOCO F2 Pro,12,90:ca:fa:8b:13:b4,0,2954,236,8,7,500,2
12210,XiaomiPOCO F2 Pro,12,90:ca:fa:8b:13:b4,0,2094,136,8,7,500,2
12330,XiaomiPOCO F2 Pro,12,90:ca:fa:8b:13:b4,0,2182,122,8,7,500,2
12462,XiaomiPOCO F2 Pro,12,90:ca:fa:8b:13:b4,0,3217,264,8,7,500,2
12589,XiaomiPOCO F2 Pro,12,90:ca:fa:8b:13:b4,0,2680,1112,8,7,500,2
12710,XiaomiPOCO F2 Pro,12,90:ca:fa:8b:13:b4,0,2358,932,8,7,500,2
12822,XiaomiPOCO F2 Pro,12,90:ca:fa:8b:13:b4,0,2221,206,8,7,500,2
12929,XiaomiPOCO F2 Pro,12,90:ca:fa:8b:13:b4,0,2524,1035,8,7,500,2
13036,XiaomiPOCO F2 Pro,12,90:ca:fa:8b:13:b4,0,3022,117,8,7,500,2
13158,XiaomiPOCO F2 Pro,12,90:ca:fa:8b:13:b4,0,2788,933,8,7,500,2
13289,XiaomiPOCO F2 Pro,12,90:ca:fa:8b:13:b4,0,2837,160,8,7,500,2
13417,XiaomiPOCO F2 Pro,12,90:ca:fa:8b:13:b4,0,3159,277,8,7,500,2
13536,XiaomiPOCO F2 Pro,12,90:ca:fa:8b:13:b4,0,2700,1105,8,7,500,2
13656,XiaomiPOCO F2 Pro,12,90:ca:fa:8b:13:b4,0,2944,264,8,7,500,2
13786,XiaomiPOCO F2 Pro,12,90:ca:fa:8b:13:b4,0,3135,495,8,7,500,2
13907,XiaomiPOCO F2 Pro,12,90:ca:fa:8b:13:b4,0,3520,516,8,7,500,2
14033,XiaomiPOCO F2 Pro,12,90:ca:fa:8b:13:b4,0,3100,757,8,7,500,2
14161,XiaomiPOCO F2 Pro,12,90:ca:fa:8b:13:b4,0,2417,249,8,7,500,2
14285,XiaomiPOCO F2 Pro,12,90:ca:fa:8b:13:b4,0,1889,156,8,7,500,2
14398,XiaomiPOCO F2 Pro,12,90:ca:fa:8b:13:b4,0,2114,166,8,7,500,2
14518,XiaomiPOCO F2 Pro,12,90:ca:fa:8b:13:b4,0,2554,145,8,7,500,2
14642,XiaomiPOCO F2 Pro,12,90:ca:fa:8b:13:b4,0,2827,615,8,7,500,2
14769,XiaomiPOCO F2 Pro,12,90:ca:fa:8b:13:b4,0,2690,222,8,7,500,2
14885,XiaomiPOCO F2 Pro,12,90:ca:fa:8b:13:b4,0,2778,346,8,7,500,2
14989,XiaomiPOCO F2 Pro,12,90:ca:fa:8b:13:b4,0,3052,87,8,7,500,2
15092,XiaomiPOCO F2 Pro,12,90:ca:fa:8b:13:b4,0,3237,233,8,7,500,2
15213,XiaomiPOCO F2 Pro,12,90:ca:fa:8b:13:b4,0,3091,223,8,7,500,2
15336,XiaomiPOCO F2 Pro,12,90:ca:fa:8b:13:b4,0,2544,214,8,7,500,2
15454,XiaomiPOCO F2 Pro,12,90:ca:fa:8b:13:b4,0,2778,187,8,7,500,2
15566,XiaomiPOCO F2 Pro,12,90:ca:fa:8b:13:b4,0,2876,126,8,7,500,2
15684,XiaomiPOCO F2 Pro,12,90:ca:fa:8b:13:b4,0,3520,774,8,7,500,2
15807,XiaomiPOCO F2 Pro,12,90:ca:fa:8b:13:b4,0,2475,147,8,7,500,2
15924,XiaomiPOCO F2 Pro,12,90:ca:fa:8b:13:b4,0,3293,678,8,7,500,2
16033,XiaomiPOCO F2 Pro,12,90:ca:fa:8b:13:b4,0,2978,590,8,7,500,2
16159,XiaomiPOCO F2 Pro,12,90:ca:fa:8b:13:b4,0,3247,1093,8,7,500,2
16282,XiaomiPOCO F2 Pro,12,90:ca:fa:8b:13:b4,0,3051,1065,8,7,500,2
16412,XiaomiPOCO F2 Pro,12,90:ca:fa:8b:13:b4,0,2280,96,8,7,500,2
16521,XiaomiPOCO F2 Pro,12,90:ca:fa:8b:13:b4,0,3061,243,8,7,500,2
16642,XiaomiPOCO F2 Pro,12,90:ca:fa:8b:13:b4,0,3003,145,8,7,500,2
16758,XiaomiPOCO F2 Pro,12,90:ca:fa:8b:13:b4,0,2592,157,8,7,500,2
16875,XiaomiPOCO F2 Pro,12,90:ca:fa:8b:13:b4,0,2710,168,8,7,500,2
16988,XiaomiPOCO F2 Pro,12,90:ca:fa:8b:13:b4,0,3169,237,8,7,500,2
17109,XiaomiPOCO F2 Pro,12,90:ca:fa:8b:13:b4,0,3393,148,8,7,500,2
17226,XiaomiPOCO F2 Pro,12,90:ca:fa:8b:13:b4,0,3271,623,8,7,500,2
17347,XiaomiPOCO F2 Pro,12,90:ca:fa:8b:13:b4,0,3076,1006,8,7,500,2
17462,XiaomiPOCO F2 Pro,12,90:ca:fa:8b:13:b4,0,3022,982,8,7,500,2
17575,XiaomiPOCO F2 Pro,12,90:ca:fa:8b:13:b4,0,3091,173,8,7,500,2
17709,XiaomiPOCO F2 Pro,12,90:ca:fa:8b:13:b4,0,3071,985,8,7,500,2
17831,XiaomiPOCO F2 Pro,12,90:ca:fa:8b:13:b4,0,3335,610,8,7,500,2
17952,XiaomiPOCO F2 Pro,12,90:ca:fa:8b:13:b4,0,2304,102,8,7,500,2
18065,XiaomiPOCO F2 Pro,12,90:ca:fa:8b:13:b4,0,2905,206,8,7,500,2
18182,XiaomiPOCO F2 Pro,12,90:ca:fa:8b:13:b4,0,2583,109,8,7,500,2
18300,XiaomiPOCO F2 Pro,12,90:ca:fa:8b:13:b4,0,2983,967,8,7,500,2
18409,XiaomiPOCO F2 Pro,12,90:ca:fa:8b:13:b4,0,3200,550,8,7,500,2
18541,XiaomiPOCO F2 Pro,12,90:ca:fa:8b:13:b4,0,2446,175,8,7,500,2
18670,XiaomiPOCO F2 Pro,12,90:ca:fa:8b:13:b4,0,2993,196,8,7,500,2
18784,XiaomiPOCO F2 Pro,12,90:ca:fa:8b:13:b4,0,3476,512,8,7,500,2
18905,XiaomiPOCO F2 Pro,12,90:ca:fa:8b:13:b4,0,3344,741,8,7,500,2
19015,XiaomiPOCO F2 Pro,12,90:ca:fa:8b:13:b4,0,3413,675,8,7,500,2
19130,XiaomiPOCO F2 Pro,12,90:ca:fa:8b:13:b4,0,2807,254,8,7,500,2
19260,XiaomiPOCO F2 Pro,12,90:ca:fa:8b:13:b4,0,2612,236,8,7,500,2
19389,XiaomiPOCO F2 Pro,12,90:ca:fa:8b:13:b4,0,3403,1318,8,7,500,2
19502,XiaomiPOCO F2 Pro,12,90:ca:fa:8b:13:b4,0,2954,121,8,7,500,2
19625,XiaomiPOCO F2 Pro,12,90:ca:fa:8b:13:b4,0,3235,416,8,7,500,2
19743,XiaomiPOCO F2 Pro,12,90:ca:fa:8b:13:b4,0,3647,207,8,7,500,2
19870,XiaomiPOCO F2 Pro,12,90:ca:fa:8b:13:b4,0,3003,151,8,7,500,2
0,XiaomiPOCO F2 Pro,12,90:ca:fa:8b:13:b4,0,2592,699,8,7,500,3
64,XiaomiPOCO F2 Pro,12,90:ca:fa:8b:13:b4,0,1801,172,8,7,500,3
242,XiaomiPOCO F2 Pro,12,90:ca:fa:8b:13:b4,0,2758,742,8,7,500,3
356,XiaomiPOCO F2 Pro,12,90:ca:fa:8b:13:b4,0,2759,684,8,7,500,3
467,XiaomiPOCO F2 Pro,12,90:ca:fa:8b:13:b4,0,2253,404,8,7,500,3
562,XiaomiPOCO F2 Pro,12,90:ca:fa:8b:13:b4,0,1987,1237,8,7,500,3
664,XiaomiPOCO F2 Pro,12,90:ca:fa:8b:13:b4,0,2365,708,8,7,500,3
768,XiaomiPOCO F2 Pro,12,90:ca:fa:8b:13:b4,0,2781,556,8,7,500,3
902,XiaomiPOCO F2 Pro,12,90:ca:fa:8b:13:b4,0,2326,449,8,7,500,3
1028,XiaomiPOCO F2 Pro,12,90:ca:fa:8b:13:b4,0,2358,767,8,7,500,3
1152,XiaomiPOCO F2 Pro,12,90:ca:fa:8b:13:b4,0,2131,587,8,7,500,3
1265,XiaomiPOCO F2 Pro,12,90:ca:fa:8b:13:b4,0,2175,648,8,7,500,3
1380,XiaomiPOCO F2 Pro,12,90:ca:fa:8b:13:b4,0,2004,440,8,7,500,3
1490,XiaomiPOCO F2 Pro,12,90:ca:fa:8b:13:b4,0,2715,571,8,7,500,3
1598,XiaomiPOCO F2 Pro,12,90:ca:fa:8b:13:b4,0,2131,529,8,7,500,3
1726,XiaomiPOCO F2 Pro,12,90:ca:fa:8b:13:b4,0,2439,813,8,7,500,3
1851,XiaomiPOCO F2 Pro,12,90:ca:fa:8b:13:b4,0,1924,43,8,7,500,3
1968,XiaomiPOCO F2 Pro,12,90:ca:fa:8b:13:b4,0,2490,663,8,7,500,3
2094,XiaomiPOCO F2 Pro,12,90:ca:fa:8b:13:b4,0,2781,693,8,7,500,3
2226,XiaomiPOCO F2 Pro,12,90:ca:fa:8b:13:b4,0,2348,487,8,7,500,3
2355,XiaomiPOCO F2 Pro,12,90:ca:fa:8b:13:b4,0,1875,220,8,7,500,3
2471,XiaomiPOCO F2 Pro,12,90:ca:fa:8b:13:b4,0,2373,706,8,7,500,3
2586,XiaomiPOCO F2 Pro,12,90:ca:fa:8b:13:b4,0,2544,730,8,7,500,3
2699,XiaomiPOCO F2 Pro,12,90:ca:fa:8b:13:b4,0,2182,438,8,7,500,3
2817,XiaomiPOCO F2 Pro,12,90:ca:fa:8b:13:b4,0,2329,697,8,7,500,3
2937,XiaomiPOCO F2 Pro,12,90:ca:fa:8b:13:b4,0,2612,728,8,7,500,3
3056,XiaomiPOCO F2 Pro,12,90:ca:fa:8b:13:b4,0,1975,325,8,7,500,3
3172,XiaomiPOCO F2 Pro,12,90:ca:fa:8b:13:b4,0,2226,596,8,7,500,3
3286,XiaomiPOCO F2 Pro,12,90:ca:fa:8b:13:b4,0,2363,606,8,7,500,3
3407,XiaomiPOCO F2 Pro,12,90:ca:fa:8b:13:b4,0,2480,714,8,7,500,3
3512,XiaomiPOCO F2 Pro,12,90:ca:fa:8b:13:b4,0,2146,403,8,7,500,3
3621,XiaomiPOCO F2 Pro,12,90:ca:fa:8b:13:b4,0,1484,103,8,7,500,3
3739,XiaomiPOCO F2 Pro,12,90:ca:fa:8b:13:b4,0,2695,677,8,7,500,3
3857,XiaomiPOCO F2 Pro,12,90:ca:fa:8b:13:b4,0,2160,453,8,7,500,3
3975,XiaomiPOCO F2 Pro,12,90:ca:fa:8b:13:b4,0,2378,430,8,7,500,3
4094,XiaomiPOCO F2 Pro,12,90:ca:fa:8b:13:b4,0,2568,687,8,7,500,3
4204,XiaomiPOCO F2 Pro,12,90:ca:fa:8b:13:b4,0,1889,439,8,7,500,3
4328,XiaomiPOCO F2 Pro,12,90:ca:fa:8b:13:b4,0,2182,831,8,7,500,3
4439,XiaomiPOCO F2 Pro,12,90:ca:fa:8b:13:b4,0,1821,366,8,7,500,3
4554,XiaomiPOCO F2 Pro,12,90:ca:fa:8b:13:b4,0,2619,706,8,7,500,3
4666,XiaomiPOCO F2 Pro,12,90:ca:fa:8b:13:b4,0,2370,692,8,7,500,3
4764,XiaomiPOCO F2 Pro,12,90:ca:fa:8b:13:b4,0,2744,776,8,7,500,3
4875,XiaomiPOCO F2 Pro,12,90:ca:fa:8b:13:b4,0,2270,932,8,7,500,3
5002,XiaomiPOCO F2 Pro,12,90:ca:fa:8b:13:b4,0,2563,709,8,7,500,3
5128,XiaomiPOCO F2 Pro,12,90:ca:fa:8b:13:b4,0,2270,242,8,7,500,3
5247,XiaomiPOCO F2 Pro,12,90:ca:fa:8b:13:b4,0,1909,167,8,7,500,3
5366,XiaomiPOCO F2 Pro,12,90:ca:fa:8b:13:b4,0,1958,308,8,7,500,3
5482,XiaomiPOCO F2 Pro,12,90:ca:fa:8b:13:b4,0,1987,299,8,7,500,3
5597,XiaomiPOCO F2 Pro,12,90:ca:fa:8b:13:b4,0,2438,744,8,7,500,3
5708,XiaomiPOCO F2 Pro,12,90:ca:fa:8b:13:b4,0,2165,522,8,7,500,3
5817,XiaomiPOCO F2 Pro,12,90:ca:fa:8b:13:b4,0,2600,539,8,7,500,3
5934,XiaomiPOCO F2 Pro,12,90:ca:fa:8b:13:b4,0,2495,155,8,7,500,3
6050,XiaomiPOCO F2 Pro,12,90:ca:fa:8b:13:b4,0,2778,835,8,7,500,3
6173,XiaomiPOCO F2 Pro,12,90:ca:fa:8b:13:b4,0,1918,86,8,7,500,3
6312,XiaomiPOCO F2 Pro,12,90:ca:fa:8b:13:b4,0,2165,832,8,7,500,3
6442,XiaomiPOCO F2 Pro,12,90:ca:fa:8b:13:b4,0,1889,149,8,7,500,3
6585,XiaomiPOCO F2 Pro,12,90:ca:fa:8b:13:b4,0,1997,279,8,7,500,3
6804,XiaomiPOCO F2 Pro,12,90:ca:fa:8b:13:b4,0,2563,176,8,5,500,3
6940,XiaomiPOCO F2 Pro,12,90:ca:fa:8b:13:b4,0,1582,46,8,7,500,3
7083,XiaomiPOCO F2 Pro,12,90:ca:fa:8b:13:b4,0,1586,195,8,7,500,3
7176,XiaomiPOCO F2 Pro,12,90:ca:fa:8b:13:b4,0,2006,526,8,7,500,3
7315,XiaomiPOCO F2 Pro,12,90:ca:fa:8b:13:b4,0,2407,181,8,7,500,3
7396,XiaomiPOCO F2 Pro,12,90:ca:fa:8b:13:b4,0,1674,339,8,7,500,3
7484,XiaomiPOCO F2 Pro,12,90:ca:fa:8b:13:b4,0,1957,908,8,7,500,3
7638,XiaomiPOCO F2 Pro,12,90:ca:fa:8b:13:b4,0,1984,342,8,7,500,3
7811,XiaomiPOCO F2 Pro,12,90:ca:fa:8b:13:b4,0,2373,308,8,7,500,3
7969,XiaomiPOCO F2 Pro,12,90:ca:fa:8b:13:b4,0,1694,159,8,7,500,3
8122,XiaomiPOCO F2 Pro,12,90:ca:fa:8b:13:b4,0,2465,743,8,7,500,3
8275,XiaomiPOCO F2 Pro,12,90:ca:fa:8b:13:b4,0,2387,566,8,7,500,3
8430,XiaomiPOCO F2 Pro,12,90:ca:fa:8b:13:b4,0,1752,304,8,7,500,3
8588,XiaomiPOCO F2 Pro,12,90:ca:fa:8b:13:b4,0,2250,780,8,7,500,3
8678,XiaomiPOCO F2 Pro,12,90:ca:fa:8b:13:b4,0,2380,525,8,7,500,3
8834,XiaomiPOCO F2 Pro,12,90:ca:fa:8b:13:b4,0,1870,195,8,7,500,3
8982,XiaomiPOCO F2 Pro,12,90:ca:fa:8b:13:b4,0,2583,732,8,7,500,3
9140,XiaomiPOCO F2 Pro,12,90:ca:fa:8b:13:b4,0,2348,222,8,7,500,3
9293,XiaomiPOCO F2 Pro,12,90:ca:fa:8b:13:b4,0,1440,111,8,7,500,3
9445,XiaomiPOCO F2 Pro,12,90:ca:fa:8b:13:b4,0,2109,637,8,7,500,3
9599,XiaomiPOCO F2 Pro,12,90:ca:fa:8b:13:b4,0,2373,280,8,7,500,3
9752,XiaomiPOCO F2 Pro,12,90:ca:fa:8b:13:b4,0,2202,280,8,7,500,3
9909,XiaomiPOCO F2 Pro,12,90:ca:fa:8b:13:b4,0,1845,278,8,5,500,3
9979,XiaomiPOCO F2 Pro,12,90:ca:fa:8b:13:b4,0,3374,1003,8,7,500,3
10046,XiaomiPOCO F2 Pro,12,90:ca:fa:8b:13:b4,0,1948,414,8,7,500,3
10105,XiaomiPOCO F2 Pro,12,90:ca:fa:8b:13:b4,0,1665,145,8,7,500,3
10161,XiaomiPOCO F2 Pro,12,90:ca:fa:8b:13:b4,0,2797,220,8,7,500,3
10224,XiaomiPOCO F2 Pro,12,90:ca:fa:8b:13:b4,0,2443,716,8,7,500,3
10284,XiaomiPOCO F2 Pro,12,90:ca:fa:8b:13:b4,0,2993,136,8,7,500,3
10343,XiaomiPOCO F2 Pro,12,90:ca:fa:8b:13:b4,0,1396,14,8,7,500,3
10405,XiaomiPOCO F2 Pro,12,90:ca:fa:8b:13:b4,0,1430,96,8,7,500,3
10470,XiaomiPOCO F2 Pro,12,90:ca:fa:8b:13:b4,0,1626,204,8,7,500,3
10533,XiaomiPOCO F2 Pro,12,90:ca:fa:8b:13:b4,0,2128,520,8,7,500,3
10595,XiaomiPOCO F2 Pro,12,90:ca:fa:8b:13:b4,0,2270,554,8,7,500,3
10658,XiaomiPOCO F2 Pro,12,90:ca:fa:8b:13:b4,0,2710,398,8,7,500,3
10718,XiaomiPOCO F2 Pro,12,90:ca:fa:8b:13:b4,0,2856,156,8,7,500,3
10831,XiaomiPOCO F2 Pro,12,90:ca:fa:8b:13:b4,0,2356,569,8,7,500,3
10940,XiaomiPOCO F2 Pro,12,90:ca:fa:8b:13:b4,0,2370,662,8,7,500,3
11051,XiaomiPOCO F2 Pro,12,90:ca:fa:8b:13:b4,0,2189,509,8,7,500,3
11170,XiaomiPOCO F2 Pro,12,90:ca:fa:8b:13:b4,0,2072,647,8,7,500,3
11280,XiaomiPOCO F2 Pro,12,90:ca:fa:8b:13:b4,0,1889,239,8,7,500,3
11392,XiaomiPOCO F2 Pro,12,90:ca:fa:8b:13:b4,0,2280,169,8,7,500,3
11499,XiaomiPOCO F2 Pro,12,90:ca:fa:8b:13:b4,0,2092,457,8,7,500,3
11623,XiaomiPOCO F2 Pro,12,90:ca:fa:8b:13:b4,0,1928,131,8,7,500,3
11737,XiaomiPOCO F2 Pro,12,90:ca:fa:8b:13:b4,0,1821,101,8,7,500,3
11852,XiaomiPOCO F2 Pro,12,90:ca:fa:8b:13:b4,0,1928,97,8,7,500,3
11971,XiaomiPOCO F2 Pro,12,90:ca:fa:8b:13:b4,0,2045,241,8,7,500,3
12094,XiaomiPOCO F2 Pro,12,90:ca:fa:8b:13:b4,0,1928,203,8,7,500,3
12208,XiaomiPOCO F2 Pro,12,90:ca:fa:8b:13:b4,0,2583,760,8,7,500,3
12330,XiaomiPOCO F2 Pro,12,90:ca:fa:8b:13:b4,0,2277,647,8,7,500,3
12446,XiaomiPOCO F2 Pro,12,90:ca:fa:8b:13:b4,0,2773,593,8,7,500,3
12582,XiaomiPOCO F2 Pro,12,90:ca:fa:8b:13:b4,0,2424,616,8,7,500,3
12712,XiaomiPOCO F2 Pro,12,90:ca:fa:8b:13:b4,0,2358,616,8,7,500,3
12825,XiaomiPOCO F2 Pro,12,90:ca:fa:8b:13:b4,0,1928,172,8,7,500,3
12940,XiaomiPOCO F2 Pro,12,90:ca:fa:8b:13:b4,0,2575,571,8,7,500,3
13047,XiaomiPOCO F2 Pro,12,90:ca:fa:8b:13:b4,0,1989,565,8,7,500,3
13149,XiaomiPOCO F2 Pro,12,90:ca:fa:8b:13:b4,0,2416,150,8,7,500,3
13252,XiaomiPOCO F2 Pro,12,90:ca:fa:8b:13:b4,0,1821,240,8,7,500,3
13381,XiaomiPOCO F2 Pro,12,90:ca:fa:8b:13:b4,0,2426,966,8,7,500,3
13514,XiaomiPOCO F2 Pro,12,90:ca:fa:8b:13:b4,0,1958,97,8,7,500,3
13634,XiaomiPOCO F2 Pro,12,90:ca:fa:8b:13:b4,0,2509,682,8,7,500,3
13753,XiaomiPOCO F2 Pro,12,90:ca:fa:8b:13:b4,0,1889,118,8,7,500,3
13860,XiaomiPOCO F2 Pro,12,90:ca:fa:8b:13:b4,0,2092,554,8,7,500,3
13971,XiaomiPOCO F2 Pro,12,90:ca:fa:8b:13:b4,0,2182,201,8,7,500,3
14092,XiaomiPOCO F2 Pro,12,90:ca:fa:8b:13:b4,0,1982,528,8,7,500,3
14214,XiaomiPOCO F2 Pro,12,90:ca:fa:8b:13:b4,0,2466,677,8,7,500,3
14329,XiaomiPOCO F2 Pro,12,90:ca:fa:8b:13:b4,0,2058,676,8,7,500,3
14450,XiaomiPOCO F2 Pro,12,90:ca:fa:8b:13:b4,0,1772,157,8,7,500,3
14571,XiaomiPOCO F2 Pro,12,90:ca:fa:8b:13:b4,0,2693,667,8,7,500,3
14690,XiaomiPOCO F2 Pro,12,90:ca:fa:8b:13:b4,0,1938,166,8,7,500,3
14821,XiaomiPOCO F2 Pro,12,90:ca:fa:8b:13:b4,0,2495,1036,8,7,500,3
14932,XiaomiPOCO F2 Pro,12,90:ca:fa:8b:13:b4,0,2553,767,8,7,500,3
15052,XiaomiPOCO F2 Pro,12,90:ca:fa:8b:13:b4,0,1919,145,8,7,500,3
15167,XiaomiPOCO F2 Pro,12,90:ca:fa:8b:13:b4,0,2055,493,8,7,500,3
15289,XiaomiPOCO F2 Pro,12,90:ca:fa:8b:13:b4,0,2544,1084,8,7,500,3
15406,XiaomiPOCO F2 Pro,12,90:ca:fa:8b:13:b4,0,1870,74,8,7,500,3
15524,XiaomiPOCO F2 Pro,12,90:ca:fa:8b:13:b4,0,2212,401,8,7,500,3
15640,XiaomiPOCO F2 Pro,12,90:ca:fa:8b:13:b4,0,2466,567,8,7,500,3
15754,XiaomiPOCO F2 Pro,12,90:ca:fa:8b:13:b4,0,2453,585,8,7,500,3
15877,XiaomiPOCO F2 Pro,12,90:ca:fa:8b:13:b4,0,2209,585,8,7,500,3
15981,XiaomiPOCO F2 Pro,12,90:ca:fa:8b:13:b4,0,1953,550,8,7,500,3
16108,XiaomiPOCO F2 Pro,12,90:ca:fa:8b:13:b4,0,2778,133,8,7,500,3
16228,XiaomiPOCO F2 Pro,12,90:ca:fa:8b:13:b4,0,2195,522,8,7,500,3
16356,XiaomiPOCO F2 Pro,12,90:ca:fa:8b:13:b4,0,2241,314,8,7,500,3
16474,XiaomiPOCO F2 Pro,12,90:ca:fa:8b:13:b4,0,2278,247,8,7,500,3
16595,XiaomiPOCO F2 Pro,12,90:ca:fa:8b:13:b4,0,2143,539,8,7,500,3
16710,XiaomiPOCO F2 Pro,12,90:ca:fa:8b:13:b4,0,2649,706,8,7,500,3
16830,XiaomiPOCO F2 Pro,12,90:ca:fa:8b:13:b4,0,2380,570,8,7,500,3
16945,XiaomiPOCO F2 Pro,12,90:ca:fa:8b:13:b4,0,1762,49,8,7,500,3
17064,XiaomiPOCO F2 Pro,12,90:ca:fa:8b:13:b4,0,2212,96,8,7,500,3
17173,XiaomiPOCO F2 Pro,12,90:ca:fa:8b:13:b4,0,2297,568,8,7,500,3
17302,XiaomiPOCO F2 Pro,12,90:ca:fa:8b:13:b4,0,2385,479,8,7,500,3
17428,XiaomiPOCO F2 Pro,12,90:ca:fa:8b:13:b4,0,2370,526,8,7,500,3
17550,XiaomiPOCO F2 Pro,12,90:ca:fa:8b:13:b4,0,2221,335,8,7,500,3
17670,XiaomiPOCO F2 Pro,12,90:ca:fa:8b:13:b4,0,2429,662,8,7,500,3
17792,XiaomiPOCO F2 Pro,12,90:ca:fa:8b:13:b4,0,2505,241,8,7,500,3
17911,XiaomiPOCO F2 Pro,12,90:ca:fa:8b:13:b4,0,2795,761,8,7,500,3
18022,XiaomiPOCO F2 Pro,12,90:ca:fa:8b:13:b4,0,2553,796,8,7,500,3
18149,XiaomiPOCO F2 Pro,12,90:ca:fa:8b:13:b4,0,2055,243,8,7,500,3
18267,XiaomiPOCO F2 Pro,12,90:ca:fa:8b:13:b4,0,2602,718,8,7,500,3
18386,XiaomiPOCO F2 Pro,12,90:ca:fa:8b:13:b4,0,2080,568,8,7,500,3
18503,XiaomiPOCO F2 Pro,12,90:ca:fa:8b:13:b4,0,1860,121,8,7,500,3
18616,XiaomiPOCO F2 Pro,12,90:ca:fa:8b:13:b4,0,2407,481,8,7,500,3
18731,XiaomiPOCO F2 Pro,12,90:ca:fa:8b:13:b4,0,2619,501,8,7,500,3
18848,XiaomiPOCO F2 Pro,12,90:ca:fa:8b:13:b4,0,2192,206,8,7,500,3
18966,XiaomiPOCO F2 Pro,12,90:ca:fa:8b:13:b4,0,2739,706,8,7,500,3
19088,XiaomiPOCO F2 Pro,12,90:ca:fa:8b:13:b4,0,2085,483,8,7,500,3
19202,XiaomiPOCO F2 Pro,12,90:ca:fa:8b:13:b4,0,2495,599,8,7,500,3
19318,XiaomiPOCO F2 Pro,12,90:ca:fa:8b:13:b4,0,2444,568,8,7,500,3
19438,XiaomiPOCO F2 Pro,12,90:ca:fa:8b:13:b4,0,2451,640,8,7,500,3
19555,XiaomiPOCO F2 Pro,12,90:ca:fa:8b:13:b4,0,2019,555,8,7,500,3
19671,XiaomiPOCO F2 Pro,12,90:ca:fa:8b:13:b4,0,2065,300,8,7,500,3
19787,XiaomiPOCO F2 Pro,12,90:ca:fa:8b:13:b4,0,2614,369,8,7,500,3
19902,XiaomiPOCO F2 Pro,12,90:ca:fa:8b:13:b4,0,2592,664,8,7,500,3
0,XiaomiPOCO F2 Pro,12,90:ca:fa:8b:13:b4,0,2055,279,8,7,500,4
215,XiaomiPOCO F2 Pro,12,90:ca:fa:8b:13:b4,0,2231,259,8,7,500,4
322,XiaomiPOCO F2 Pro,12,90:ca:fa:8b:13:b4,0,1743,87,8,7,500,4
427,XiaomiPOCO F2 Pro,12,90:ca:fa:8b:13:b4,0,2363,160,8,7,500,4
530,XiaomiPOCO F2 Pro,12,90:ca:fa:8b:13:b4,0,2446,845,8,7,500,4
632,XiaomiPOCO F2 Pro,12,90:ca:fa:8b:13:b4,0,2378,248,8,7,500,4
749,XiaomiPOCO F2 Pro,12,90:ca:fa:8b:13:b4,0,2651,717,8,7,500,4
858,XiaomiPOCO F2 Pro,12,90:ca:fa:8b:13:b4,0,1967,172,8,7,500,4
976,XiaomiPOCO F2 Pro,12,90:ca:fa:8b:13:b4,0,2959,627,8,7,500,4
1098,XiaomiPOCO F2 Pro,12,90:ca:fa:8b:13:b4,0,1704,88,8,7,500,4
1228,XiaomiPOCO F2 Pro,12,90:ca:fa:8b:13:b4,0,2482,491,8,7,500,4
1345,XiaomiPOCO F2 Pro,12,90:ca:fa:8b:13:b4,0,1704,241,8,7,500,4
1472,XiaomiPOCO F2 Pro,12,90:ca:fa:8b:13:b4,0,2104,1229,8,7,500,4
1580,XiaomiPOCO F2 Pro,12,90:ca:fa:8b:13:b4,0,2270,85,8,7,500,4
1691,XiaomiPOCO F2 Pro,12,90:ca:fa:8b:13:b4,0,2387,1097,8,7,500,4
1821,XiaomiPOCO F2 Pro,12,90:ca:fa:8b:13:b4,0,2729,668,8,7,500,4
1934,XiaomiPOCO F2 Pro,12,90:ca:fa:8b:13:b4,0,2475,109,8,7,500,4
2046,XiaomiPOCO F2 Pro,12,90:ca:fa:8b:13:b4,0,1323,44,8,7,500,4
2175,XiaomiPOCO F2 Pro,12,90:ca:fa:8b:13:b4,0,2719,87,8,7,500,4
2290,XiaomiPOCO F2 Pro,12,90:ca:fa:8b:13:b4,0,1733,252,8,7,500,4
2393,XiaomiPOCO F2 Pro,12,90:ca:fa:8b:13:b4,0,2136,415,8,7,500,4
2519,XiaomiPOCO F2 Pro,12,90:ca:fa:8b:13:b4,0,1753,76,8,7,500,4
2637,XiaomiPOCO F2 Pro,12,90:ca:fa:8b:13:b4,0,2573,141,8,7,500,4
2746,XiaomiPOCO F2 Pro,12,90:ca:fa:8b:13:b4,0,2312,583,8,7,500,4
2868,XiaomiPOCO F2 Pro,12,90:ca:fa:8b:13:b4,0,2795,689,8,7,500,4
2981,XiaomiPOCO F2 Pro,12,90:ca:fa:8b:13:b4,0,2351,698,8,7,500,4
3102,XiaomiPOCO F2 Pro,12,90:ca:fa:8b:13:b4,0,1821,33,8,7,500,4
3221,XiaomiPOCO F2 Pro,12,90:ca:fa:8b:13:b4,0,2524,666,8,7,500,4
3337,XiaomiPOCO F2 Pro,12,90:ca:fa:8b:13:b4,0,2436,167,8,7,500,4
3443,XiaomiPOCO F2 Pro,12,90:ca:fa:8b:13:b4,0,2221,285,8,7,500,4
3547,XiaomiPOCO F2 Pro,12,90:ca:fa:8b:13:b4,0,2495,132,8,7,500,4
3665,XiaomiPOCO F2 Pro,12,90:ca:fa:8b:13:b4,0,2290,737,8,7,500,4
3784,XiaomiPOCO F2 Pro,12,90:ca:fa:8b:13:b4,0,2026,149,8,7,500,4
3900,XiaomiPOCO F2 Pro,12,90:ca:fa:8b:13:b4,0,2114,376,8,7,500,4
4014,XiaomiPOCO F2 Pro,12,90:ca:fa:8b:13:b4,0,1836,132,8,7,500,4
4122,XiaomiPOCO F2 Pro,12,90:ca:fa:8b:13:b4,0,2556,508,8,7,500,4
4238,XiaomiPOCO F2 Pro,12,90:ca:fa:8b:13:b4,0,2006,193,8,7,500,4
4356,XiaomiPOCO F2 Pro,12,90:ca:fa:8b:13:b4,0,2832,668,8,7,500,4
4466,XiaomiPOCO F2 Pro,12,90:ca:fa:8b:13:b4,0,1840,63,8,7,500,4
4587,XiaomiPOCO F2 Pro,12,90:ca:fa:8b:13:b4,0,1909,267,8,7,500,4
4710,XiaomiPOCO F2 Pro,12,90:ca:fa:8b:13:b4,0,2312,443,8,7,500,4
4826,XiaomiPOCO F2 Pro,12,90:ca:fa:8b:13:b4,0,2775,609,8,7,500,4
5100,XiaomiPOCO F2 Pro,12,90:ca:fa:8b:13:b4,0,2475,775,8,5,500,4
5240,XiaomiPOCO F2 Pro,12,90:ca:fa:8b:13:b4,0,2126,562,8,7,500,4
5331,XiaomiPOCO F2 Pro,12,90:ca:fa:8b:13:b4,0,1596,285,8,7,500,4
5475,XiaomiPOCO F2 Pro,12,90:ca:fa:8b:13:b4,0,2055,480,8,7,500,4
5569,XiaomiPOCO F2 Pro,12,90:ca:fa:8b:13:b4,0,2055,204,8,7,500,4
5674,XiaomiPOCO F2 Pro,12,90:ca:fa:8b:13:b4,0,1557,0,8,2,500,4
5766,XiaomiPOCO F2 Pro,12,90:ca:fa:8b:13:b4,0,2539,548,8,7,500,4
5923,XiaomiPOCO F2 Pro,12,90:ca:fa:8b:13:b4,0,1635,253,8,7,500,4
6072,XiaomiPOCO F2 Pro,12,90:ca:fa:8b:13:b4,0,2268,547,8,7,500,4
6211,XiaomiPOCO F2 Pro,12,90:ca:fa:8b:13:b4,0,2670,695,8,7,500,4
6368,XiaomiPOCO F2 Pro,12,90:ca:fa:8b:13:b4,0,1352,110,8,7,500,4
6524,XiaomiPOCO F2 Pro,12,90:ca:fa:8b:13:b4,0,2480,703,8,7,500,4
6677,XiaomiPOCO F2 Pro,12,90:ca:fa:8b:13:b4,0,2075,98,8,7,500,4
6834,XiaomiPOCO F2 Pro,12,90:ca:fa:8b:13:b4,0,1958,338,8,7,500,4
6931,XiaomiPOCO F2 Pro,12,90:ca:fa:8b:13:b4,0,2182,948,8,7,500,4
7086,XiaomiPOCO F2 Pro,12,90:ca:fa:8b:13:b4,0,1919,131,8,7,500,4
7240,XiaomiPOCO F2 Pro,12,90:ca:fa:8b:13:b4,0,1440,60,8,6,500,4
7394,XiaomiPOCO F2 Pro,12,90:ca:fa:8b:13:b4,0,2488,502,8,7,500,4
7544,XiaomiPOCO F2 Pro,12,90:ca:fa:8b:13:b4,0,2407,751,8,7,500,4
7701,XiaomiPOCO F2 Pro,12,90:ca:fa:8b:13:b4,0,1836,75,8,7,500,4
7853,XiaomiPOCO F2 Pro,12,90:ca:fa:8b:13:b4,0,1626,38,8,7,500,4
8006,XiaomiPOCO F2 Pro,12,90:ca:fa:8b:13:b4,0,2456,267,8,7,500,4
8162,XiaomiPOCO F2 Pro,12,90:ca:fa:8b:13:b4,0,1616,33,8,5,500,4
8230,XiaomiPOCO F2 Pro,12,90:ca:fa:8b:13:b4,0,2622,39,8,7,500,4
8292,XiaomiPOCO F2 Pro,12,90:ca:fa:8b:13:b4,0,1381,38,8,7,500,4
8351,XiaomiPOCO F2 Pro,12,90:ca:fa:8b:13:b4,0,1284,156,8,7,500,4
8411,XiaomiPOCO F2 Pro,12,90:ca:fa:8b:13:b4,0,1157,27,8,7,500,4
8473,XiaomiPOCO F2 Pro,12,90:ca:fa:8b:13:b4,0,2358,499,8,7,500,4
8540,XiaomiPOCO F2 Pro,12,90:ca:fa:8b:13:b4,0,1303,290,8,7,500,4
8604,XiaomiPOCO F2 Pro,12,90:ca:fa:8b:13:b4,0,1587,73,8,7,500,4
8666,XiaomiPOCO F2 Pro,12,90:ca:fa:8b:13:b4,0,2231,587,8,7,500,4
8721,XiaomiPOCO F2 Pro,12,90:ca:fa:8b:13:b4,0,2134,1844,8,7,500,4
8781,XiaomiPOCO F2 Pro,12,90:ca:fa:8b:13:b4,0,1284,230,8,7,500,4
8837,XiaomiPOCO F2 Pro,12,90:ca:fa:8b:13:b4,0,1992,660,8,7,500,4
8899,XiaomiPOCO F2 Pro,12,90:ca:fa:8b:13:b4,0,2046,85,8,7,500,4
8963,XiaomiPOCO F2 Pro,12,90:ca:fa:8b:13:b4,0,1811,13,8,7,500,4
9028,XiaomiPOCO F2 Pro,12,90:ca:fa:8b:13:b4,0,913,766,8,7,500,4
9104,XiaomiPOCO F2 Pro,12,90:ca:fa:8b:13:b4,0,1743,83,8,7,500,4
9222,XiaomiPOCO F2 Pro,12,90:ca:fa:8b:13:b4,0,2563,693,8,7,500,4
9354,XiaomiPOCO F2 Pro,12,90:ca:fa:8b:13:b4,0,2553,741,8,7,500,4
9484,XiaomiPOCO F2 Pro,12,90:ca:fa:8b:13:b4,0,2612,601,8,7,500,4
9605,XiaomiPOCO F2 Pro,12,90:ca:fa:8b:13:b4,0,1899,169,8,7,500,4
9730,XiaomiPOCO F2 Pro,12,90:ca:fa:8b:13:b4,0,1694,73,8,7,500,4
9846,XiaomiPOCO F2 Pro,12,90:ca:fa:8b:13:b4,0,1953,103,8,7,500,4
9961,XiaomiPOCO F2 Pro,12,90:ca:fa:8b:13:b4,0,1992,131,8,7,500,4
10086,XiaomiPOCO F2 Pro,12,90:ca:fa:8b:13:b4,0,2226,583,8,7,500,4
10206,XiaomiPOCO F2 Pro,12,90:ca:fa:8b:13:b4,0,2224,406,8,7,500,4
10326,XiaomiPOCO F2 Pro,12,90:ca:fa:8b:13:b4,0,2656,733,8,7,500,4
10450,XiaomiPOCO F2 Pro,12,90:ca:fa:8b:13:b4,0,2268,413,8,7,500,4
10561,XiaomiPOCO F2 Pro,12,90:ca:fa:8b:13:b4,0,2505,575,8,7,500,4
10681,XiaomiPOCO F2 Pro,12,90:ca:fa:8b:13:b4,0,2143,897,8,7,500,4
10799,XiaomiPOCO F2 Pro,12,90:ca:fa:8b:13:b4,0,2409,750,8,7,500,4
10912,XiaomiPOCO F2 Pro,12,90:ca:fa:8b:13:b4,0,1548,55,8,7,500,4
11034,XiaomiPOCO F2 Pro,12,90:ca:fa:8b:13:b4,0,2077,516,8,7,500,4
11153,XiaomiPOCO F2 Pro,12,90:ca:fa:8b:13:b4,0,2055,111,8,7,500,4
11274,XiaomiPOCO F2 Pro,12,90:ca:fa:8b:13:b4,0,2607,649,8,7,500,4
11392,XiaomiPOCO F2 Pro,12,90:ca:fa:8b:13:b4,0,2583,1084,8,7,500,4
11508,XiaomiPOCO F2 Pro,12,90:ca:fa:8b:13:b4,0,2075,245,8,7,500,4
11622,XiaomiPOCO F2 Pro,12,90:ca:fa:8b:13:b4,0,2241,891,8,7,500,4
11740,XiaomiPOCO F2 Pro,12,90:ca:fa:8b:13:b4,0,2173,185,8,7,500,4
11863,XiaomiPOCO F2 Pro,12,90:ca:fa:8b:13:b4,0,2409,697,8,7,500,4
11988,XiaomiPOCO F2 Pro,12,90:ca:fa:8b:13:b4,0,2456,237,8,7,500,4
12106,XiaomiPOCO F2 Pro,12,90:ca:fa:8b:13:b4,0,2524,1201,8,7,500,4
12221,XiaomiPOCO F2 Pro,12,90:ca:fa:8b:13:b4,0,3022,29,8,7,500,4
12339,XiaomiPOCO F2 Pro,12,90:ca:fa:8b:13:b4,0,2114,145,8,7,500,4
12462,XiaomiPOCO F2 Pro,12,90:ca:fa:8b:13:b4,0,2334,502,8,7,500,4
12574,XiaomiPOCO F2 Pro,12,90:ca:fa:8b:13:b4,0,1587,40,8,7,500,4
12689,XiaomiPOCO F2 Pro,12,90:ca:fa:8b:13:b4,0,2622,529,8,7,500,4
12807,XiaomiPOCO F2 Pro,12,90:ca:fa:8b:13:b4,0,2622,231,8,7,500,4
12925,XiaomiPOCO F2 Pro,12,90:ca:fa:8b:13:b4,0,2693,592,8,7,500,4
13045,XiaomiPOCO F2 Pro,12,90:ca:fa:8b:13:b4,0,1460,78,8,7,500,4
13161,XiaomiPOCO F2 Pro,12,90:ca:fa:8b:13:b4,0,1841,215,8,7,500,4
13269,XiaomiPOCO F2 Pro,12,90:ca:fa:8b:13:b4,0,2495,99,8,7,500,4
13394,XiaomiPOCO F2 Pro,12,90:ca:fa:8b:13:b4,0,2407,1187,8,7,500,4
13513,XiaomiPOCO F2 Pro,12,90:ca:fa:8b:13:b4,0,2532,547,8,7,500,4
13629,XiaomiPOCO F2 Pro,12,90:ca:fa:8b:13:b4,0,2846,683,8,7,500,4
13737,XiaomiPOCO F2 Pro,12,90:ca:fa:8b:13:b4,0,2192,1024,8,7,500,4
13860,XiaomiPOCO F2 Pro,12,90:ca:fa:8b:13:b4,0,2661,707,8,7,500,4
13981,XiaomiPOCO F2 Pro,12,90:ca:fa:8b:13:b4,0,2343,131,8,7,500,4
14089,XiaomiPOCO F2 Pro,12,90:ca:fa:8b:13:b4,0,2212,1015,8,7,500,4
14221,XiaomiPOCO F2 Pro,12,90:ca:fa:8b:13:b4,0,2590,677,8,7,500,4
14346,XiaomiPOCO F2 Pro,12,90:ca:fa:8b:13:b4,0,2553,444,8,7,500,4
14468,XiaomiPOCO F2 Pro,12,90:ca:fa:8b:13:b4,0,2619,588,8,7,500,4
14582,XiaomiPOCO F2 Pro,12,90:ca:fa:8b:13:b4,0,1987,249,8,7,500,4
14701,XiaomiPOCO F2 Pro,12,90:ca:fa:8b:13:b4,0,2290,65,8,7,500,4
14812,XiaomiPOCO F2 Pro,12,90:ca:fa:8b:13:b4,0,1919,126,8,7,500,4
14931,XiaomiPOCO F2 Pro,12,90:ca:fa:8b:13:b4,0,2495,546,8,7,500,4
15052,XiaomiPOCO F2 Pro,12,90:ca:fa:8b:13:b4,0,1675,235,8,7,500,4
15163,XiaomiPOCO F2 Pro,12,90:ca:fa:8b:13:b4,0,1606,40,8,7,500,4
15278,XiaomiPOCO F2 Pro,12,90:ca:fa:8b:13:b4,0,1928,75,8,7,500,4
15395,XiaomiPOCO F2 Pro,12,90:ca:fa:8b:13:b4,0,2114,88,8,7,500,4
15517,XiaomiPOCO F2 Pro,12,90:ca:fa:8b:13:b4,0,1811,97,8,7,500,4
15633,XiaomiPOCO F2 Pro,12,90:ca:fa:8b:13:b4,0,1577,84,8,7,500,4
15752,XiaomiPOCO F2 Pro,12,90:ca:fa:8b:13:b4,0,2378,1084,8,7,500,4
15870,XiaomiPOCO F2 Pro,12,90:ca:fa:8b:13:b4,0,2114,87,8,7,500,4
15986,XiaomiPOCO F2 Pro,12,90:ca:fa:8b:13:b4,0,2417,120,8,7,500,4
16097,XiaomiPOCO F2 Pro,12,90:ca:fa:8b:13:b4,0,2876,565,8,7,500,4
16208,XiaomiPOCO F2 Pro,12,90:ca:fa:8b:13:b4,0,2488,532,8,7,500,4
16315,XiaomiPOCO F2 Pro,12,90:ca:fa:8b:13:b4,0,2544,987,8,7,500,4
16436,XiaomiPOCO F2 Pro,12,90:ca:fa:8b:13:b4,0,2925,240,8,7,500,4
16548,XiaomiPOCO F2 Pro,12,90:ca:fa:8b:13:b4,0,2593,123,8,7,500,4
16673,XiaomiPOCO F2 Pro,12,90:ca:fa:8b:13:b4,0,2358,994,8,7,500,4
16789,XiaomiPOCO F2 Pro,12,90:ca:fa:8b:13:b4,0,2495,321,8,7,500,4
16914,XiaomiPOCO F2 Pro,12,90:ca:fa:8b:13:b4,0,2544,450,8,7,500,4
17037,XiaomiPOCO F2 Pro,12,90:ca:fa:8b:13:b4,0,2368,940,8,7,500,4
17159,XiaomiPOCO F2 Pro,12,90:ca:fa:8b:13:b4,0,2202,229,8,7,500,4
17274,XiaomiPOCO F2 Pro,12,90:ca:fa:8b:13:b4,0,2690,246,8,7,500,4
17388,XiaomiPOCO F2 Pro,12,90:ca:fa:8b:13:b4,0,1899,182,8,7,500,4
17510,XiaomiPOCO F2 Pro,12,90:ca:fa:8b:13:b4,0,2802,191,8,7,500,4
17625,XiaomiPOCO F2 Pro,12,90:ca:fa:8b:13:b4,0,2461,625,8,7,500,4
17740,XiaomiPOCO F2 Pro,12,90:ca:fa:8b:13:b4,0,2436,1015,8,7,500,4
17861,XiaomiPOCO F2 Pro,12,90:ca:fa:8b:13:b4,0,2378,519,8,7,500,4
17977,XiaomiPOCO F2 Pro,12,90:ca:fa:8b:13:b4,0,2153,128,8,7,500,4
18085,XiaomiPOCO F2 Pro,12,90:ca:fa:8b:13:b4,0,1889,121,8,7,500,4
18208,XiaomiPOCO F2 Pro,12,90:ca:fa:8b:13:b4,0,2773,546,8,7,500,4
18327,XiaomiPOCO F2 Pro,12,90:ca:fa:8b:13:b4,0,2554,586,8,7,500,4
18437,XiaomiPOCO F2 Pro,12,90:ca:fa:8b:13:b4,0,2417,1038,8,7,500,4
18562,XiaomiPOCO F2 Pro,12,90:ca:fa:8b:13:b4,0,2773,649,8,7,500,4
18677,XiaomiPOCO F2 Pro,12,90:ca:fa:8b:13:b4,0,2270,911,8,7,500,4
18792,XiaomiPOCO F2 Pro,12,90:ca:fa:8b:13:b4,0,3003,632,8,7,500,4
18914,XiaomiPOCO F2 Pro,12,90:ca:fa:8b:13:b4,0,2270,244,8,7,500,4
19033,XiaomiPOCO F2 Pro,12,90:ca:fa:8b:13:b4,0,1889,86,8,7,500,4
19138,XiaomiPOCO F2 Pro,12,90:ca:fa:8b:13:b4,0,1840,299,8,7,500,4
19257,XiaomiPOCO F2 Pro,12,90:ca:fa:8b:13:b4,0,3276,373,8,7,500,4
19382,XiaomiPOCO F2 Pro,12,90:ca:fa:8b:13:b4,0,2182,412,8,7,500,4
19495,XiaomiPOCO F2 Pro,12,90:ca:fa:8b:13:b4,0,1587,127,8,7,500,4
19612,XiaomiPOCO F2 Pro,12,90:ca:fa:8b:13:b4,0,2436,1107,8,7,500,4
19726,XiaomiPOCO F2 Pro,12,90:ca:fa:8b:13:b4,0,2524,1015,8,7,500,4
19839,XiaomiPOCO F2 Pro,12,90:ca:fa:8b:13:b4,0,2341,380,8,7,500,4
19942,XiaomiPOCO F2 Pro,12,90:ca:fa:8b:13:b4,0,1792,150,8,7,500,4
0,XiaomiPOCO F2 Pro,12,90:ca:fa:8b:13:b4,0,2124,241,8,4,500,5
398,XiaomiPOCO F2 Pro,12,90:ca:fa:8b:13:b4,0,2334,425,8,7,500,5
553,XiaomiPOCO F2 Pro,12,90:ca:fa:8b:13:b4,0,2553,518,8,7,500,5
706,XiaomiPOCO F2 Pro,12,90:ca:fa:8b:13:b4,0,2270,312,8,7,500,5
867,XiaomiPOCO F2 Pro,12,90:ca:fa:8b:13:b4,0,2334,697,8,7,500,5
1034,XiaomiPOCO F2 Pro,12,90:ca:fa:8b:13:b4,0,2290,431,8,7,500,5
1187,XiaomiPOCO F2 Pro,12,90:ca:fa:8b:13:b4,0,2070,307,8,7,500,5
1370,XiaomiPOCO F2 Pro,12,90:ca:fa:8b:13:b4,0,2392,356,8,7,500,5
1525,XiaomiPOCO F2 Pro,12,90:ca:fa:8b:13:b4,0,2751,608,8,7,500,5
1686,XiaomiPOCO F2 Pro,12,90:ca:fa:8b:13:b4,0,2341,495,8,7,500,5
1845,XiaomiPOCO F2 Pro,12,90:ca:fa:8b:13:b4,0,2212,163,8,7,500,5
1993,XiaomiPOCO F2 Pro,12,90:ca:fa:8b:13:b4,0,2326,642,8,7,500,5
2148,XiaomiPOCO F2 Pro,12,90:ca:fa:8b:13:b4,0,2216,400,8,7,500,5
2308,XiaomiPOCO F2 Pro,12,90:ca:fa:8b:13:b4,0,2661,600,8,5,500,5
2379,XiaomiPOCO F2 Pro,12,90:ca:fa:8b:13:b4,0,2260,621,8,7,500,5
2438,XiaomiPOCO F2 Pro,12,90:ca:fa:8b:13:b4,0,2329,663,8,7,500,5
2500,XiaomiPOCO F2 Pro,12,90:ca:fa:8b:13:b4,0,1999,372,8,7,500,5
2560,XiaomiPOCO F2 Pro,12,90:ca:fa:8b:13:b4,0,1984,508,8,7,500,5
2623,XiaomiPOCO F2 Pro,12,90:ca:fa:8b:13:b4,0,2505,682,8,7,500,5
2692,XiaomiPOCO F2 Pro,12,90:ca:fa:8b:13:b4,0,2451,511,8,7,500,5
2757,XiaomiPOCO F2 Pro,12,90:ca:fa:8b:13:b4,0,2077,457,8,7,500,5
2821,XiaomiPOCO F2 Pro,12,90:ca:fa:8b:13:b4,0,2217,23,8,7,500,5
2880,XiaomiPOCO F2 Pro,12,90:ca:fa:8b:13:b4,0,3227,221,8,7,500,5
2940,XiaomiPOCO F2 Pro,12,90:ca:fa:8b:13:b4,0,2414,745,8,7,500,5
2999,XiaomiPOCO F2 Pro,12,90:ca:fa:8b:13:b4,0,2175,738,8,7,500,5
3057,XiaomiPOCO F2 Pro,12,90:ca:fa:8b:13:b4,0,2387,550,8,7,500,5
3117,XiaomiPOCO F2 Pro,12,90:ca:fa:8b:13:b4,0,1177,699,8,7,500,5
3175,XiaomiPOCO F2 Pro,12,90:ca:fa:8b:13:b4,0,2282,527,8,7,500,5
3234,XiaomiPOCO F2 Pro,12,90:ca:fa:8b:13:b4,0,2085,179,8,7,500,5
3349,XiaomiPOCO F2 Pro,12,90:ca:fa:8b:13:b4,0,2422,523,8,7,500,5
3452,XiaomiPOCO F2 Pro,12,90:ca:fa:8b:13:b4,0,2138,220,8,7,500,5
3576,XiaomiPOCO F2 Pro,12,90:ca:fa:8b:13:b4,0,2556,596,8,7,500,5
3714,XiaomiPOCO F2 Pro,12,90:ca:fa:8b:13:b4,0,2229,563,8,7,500,5
3815,XiaomiPOCO F2 Pro,12,90:ca:fa:8b:13:b4,0,2299,635,8,7,500,5
3962,XiaomiPOCO F2 Pro,12,90:ca:fa:8b:13:b4,0,2446,580,8,6,500,5
4047,XiaomiPOCO F2 Pro,12,90:ca:fa:8b:13:b4,0,2417,582,8,7,500,5
4177,XiaomiPOCO F2 Pro,12,90:ca:fa:8b:13:b4,0,2124,455,8,7,500,5
4311,XiaomiPOCO F2 Pro,12,90:ca:fa:8b:13:b4,0,2075,700,8,7,500,5
4405,XiaomiPOCO F2 Pro,12,90:ca:fa:8b:13:b4,0,2130,564,8,7,500,5
4514,XiaomiPOCO F2 Pro,12,90:ca:fa:8b:13:b4,0,2270,31,8,7,500,5
4615,XiaomiPOCO F2 Pro,12,90:ca:fa:8b:13:b4,0,2352,638,8,7,500,5
4778,XiaomiPOCO F2 Pro,12,90:ca:fa:8b:13:b4,0,1858,731,8,7,500,5
4842,XiaomiPOCO F2 Pro,12,90:ca:fa:8b:13:b4,0,2458,733,8,7,500,5
4938,XiaomiPOCO F2 Pro,12,90:ca:fa:8b:13:b4,0,2275,345,8,7,500,5
5046,XiaomiPOCO F2 Pro,12,90:ca:fa:8b:13:b4,0,2544,117,8,7,500,5
5156,XiaomiPOCO F2 Pro,12,90:ca:fa:8b:13:b4,0,2583,745,8,7,500,5
5275,XiaomiPOCO F2 Pro,12,90:ca:fa:8b:13:b4,0,2812,714,8,7,500,5
5396,XiaomiPOCO F2 Pro,12,90:ca:fa:8b:13:b4,0,2707,606,8,7,500,5
5507,XiaomiPOCO F2 Pro,12,90:ca:fa:8b:13:b4,0,2534,548,8,7,500,5
5620,XiaomiPOCO F2 Pro,12,90:ca:fa:8b:13:b4,0,2534,545,8,7,500,5
5728,XiaomiPOCO F2 Pro,12,90:ca:fa:8b:13:b4,0,2304,334,8,7,500,5
5835,XiaomiPOCO F2 Pro,12,90:ca:fa:8b:13:b4,0,2480,608,8,7,500,5
5945,XiaomiPOCO F2 Pro,12,90:ca:fa:8b:13:b4,0,2321,518,8,7,500,5
6071,XiaomiPOCO F2 Pro,12,90:ca:fa:8b:13:b4,0,2385,585,8,7,500,5
6184,XiaomiPOCO F2 Pro,12,90:ca:fa:8b:13:b4,0,2480,191,8,7,500,5
6288,XiaomiPOCO F2 Pro,12,90:ca:fa:8b:13:b4,0,2299,863,8,7,500,5
6388,XiaomiPOCO F2 Pro,12,90:ca:fa:8b:13:b4,0,2534,657,8,7,500,5
6490,XiaomiPOCO F2 Pro,12,90:ca:fa:8b:13:b4,0,2585,536,8,7,500,5
6592,XiaomiPOCO F2 Pro,12,90:ca:fa:8b:13:b4,0,2612,528,8,7,500,5
6697,XiaomiPOCO F2 Pro,12,90:ca:fa:8b:13:b4,0,2197,104,8,7,500,5
6799,XiaomiPOCO F2 Pro,12,90:ca:fa:8b:13:b4,0,2568,727,8,7,500,5
6907,XiaomiPOCO F2 Pro,12,90:ca:fa:8b:13:b4,0,2343,478,8,7,500,5
7011,XiaomiPOCO F2 Pro,12,90:ca:fa:8b:13:b4,0,2202,159,8,7,500,5
7125,XiaomiPOCO F2 Pro,12,90:ca:fa:8b:13:b4,0,2483,641,8,7,500,5
7252,XiaomiPOCO F2 Pro,12,90:ca:fa:8b:13:b4,0,2195,453,8,7,500,5
7360,XiaomiPOCO F2 Pro,12,90:ca:fa:8b:13:b4,0,2446,650,8,7,500,5
7488,XiaomiPOCO F2 Pro,12,90:ca:fa:8b:13:b4,0,2627,160,8,7,500,5
7605,XiaomiPOCO F2 Pro,12,90:ca:fa:8b:13:b4,0,2802,618,8,7,500,5
7723,XiaomiPOCO F2 Pro,12,90:ca:fa:8b:13:b4,0,2475,472,8,7,500,5
7839,XiaomiPOCO F2 Pro,12,90:ca:fa:8b:13:b4,0,2378,813,8,7,500,5
7954,XiaomiPOCO F2 Pro,12,90:ca:fa:8b:13:b4,0,2290,705,8,7,500,5
8075,XiaomiPOCO F2 Pro,12,90:ca:fa:8b:13:b4,0,2422,498,8,7,500,5
8186,XiaomiPOCO F2 Pro,12,90:ca:fa:8b:13:b4,0,2583,477,8,7,500,5
8309,XiaomiPOCO F2 Pro,12,90:ca:fa:8b:13:b4,0,2509,436,8,7,500,5
8425,XiaomiPOCO F2 Pro,12,90:ca:fa:8b:13:b4,0,2480,498,8,7,500,5
8541,XiaomiPOCO F2 Pro,12,90:ca:fa:8b:13:b4,0,2700,582,8,7,500,5
8662,XiaomiPOCO F2 Pro,12,90:ca:fa:8b:13:b4,0,2388,574,8,7,500,5
8772,XiaomiPOCO F2 Pro,12,90:ca:fa:8b:13:b4,0,2436,767,8,7,500,5
8911,XiaomiPOCO F2 Pro,12,90:ca:fa:8b:13:b4,0,2392,646,8,7,500,5
9023,XiaomiPOCO F2 Pro,12,90:ca:fa:8b:13:b4,0,2583,599,8,7,500,5
9142,XiaomiPOCO F2 Pro,12,90:ca:fa:8b:13:b4,0,2585,670,8,7,500,5
9261,XiaomiPOCO F2 Pro,12,90:ca:fa:8b:13:b4,0,2678,581,8,7,500,5
9361,XiaomiPOCO F2 Pro,12,90:ca:fa:8b:13:b4,0,2292,478,8,7,500,5
9483,XiaomiPOCO F2 Pro,12,90:ca:fa:8b:13:b4,0,2541,652,8,7,500,5
9603,XiaomiPOCO F2 Pro,12,90:ca:fa:8b:13:b4,0,2847,58,8,7,500,5
9734,XiaomiPOCO F2 Pro,12,90:ca:fa:8b:13:b4,0,2920,747,8,7,500,5
9852,XiaomiPOCO F2 Pro,12,90:ca:fa:8b:13:b4,0,2197,564,8,7,500,5
9989,XiaomiPOCO F2 Pro,12,90:ca:fa:8b:13:b4,0,2368,683,8,7,500,5
10114,XiaomiPOCO F2 Pro,12,90:ca:fa:8b:13:b4,0,2883,711,8,7,500,5
10233,XiaomiPOCO F2 Pro,12,90:ca:fa:8b:13:b4,0,2424,395,8,7,500,5
10346,XiaomiPOCO F2 Pro,12,90:ca:fa:8b:13:b4,0,2326,720,8,7,500,5
10461,XiaomiPOCO F2 Pro,12,90:ca:fa:8b:13:b4,0,2231,208,8,7,500,5
10568,XiaomiPOCO F2 Pro,12,90:ca:fa:8b:13:b4,0,2534,254,8,7,500,5
10676,XiaomiPOCO F2 Pro,12,90:ca:fa:8b:13:b4,0,2036,19,8,7,500,5
10792,XiaomiPOCO F2 Pro,12,90:ca:fa:8b:13:b4,0,2282,707,8,7,500,5
10898,XiaomiPOCO F2 Pro,12,90:ca:fa:8b:13:b4,0,2856,451,8,7,500,5
11011,XiaomiPOCO F2 Pro,12,90:ca:fa:8b:13:b4,0,2221,307,8,7,500,5
11131,XiaomiPOCO F2 Pro,12,90:ca:fa:8b:13:b4,0,2368,244,8,7,500,5
11243,XiaomiPOCO F2 Pro,12,90:ca:fa:8b:13:b4,0,2392,556,8,7,500,5
11362,XiaomiPOCO F2 Pro,12,90:ca:fa:8b:13:b4,0,2319,242,8,7,500,5
11476,XiaomiPOCO F2 Pro,12,90:ca:fa:8b:13:b4,0,2802,631,8,7,500,5
11601,XiaomiPOCO F2 Pro,12,90:ca:fa:8b:13:b4,0,2116,309,8,7,500,5
11706,XiaomiPOCO F2 Pro,12,90:ca:fa:8b:13:b4,0,2414,694,8,7,500,5
11815,XiaomiPOCO F2 Pro,12,90:ca:fa:8b:13:b4,0,2488,497,8,7,500,5
11947,XiaomiPOCO F2 Pro,12,90:ca:fa:8b:13:b4,0,2233,562,8,7,500,5
12078,XiaomiPOCO F2 Pro,12,90:ca:fa:8b:13:b4,0,2766,581,8,7,500,5
12208,XiaomiPOCO F2 Pro,12,90:ca:fa:8b:13:b4,0,2444,603,8,7,500,5
12318,XiaomiPOCO F2 Pro,12,90:ca:fa:8b:13:b4,0,2446,690,8,7,500,5
12431,XiaomiPOCO F2 Pro,12,90:ca:fa:8b:13:b4,0,2751,843,8,6,500,5
12558,XiaomiPOCO F2 Pro,12,90:ca:fa:8b:13:b4,0,2260,414,8,7,500,5
12671,XiaomiPOCO F2 Pro,12,90:ca:fa:8b:13:b4,0,2590,692,8,7,500,5
12791,XiaomiPOCO F2 Pro,12,90:ca:fa:8b:13:b4,0,2299,589,8,7,500,5
12899,XiaomiPOCO F2 Pro,12,90:ca:fa:8b:13:b4,0,2563,664,8,7,500,5
13028,XiaomiPOCO F2 Pro,12,90:ca:fa:8b:13:b4,0,2431,799,8,7,500,5
13153,XiaomiPOCO F2 Pro,12,90:ca:fa:8b:13:b4,0,2561,565,8,7,500,5
13280,XiaomiPOCO F2 Pro,12,90:ca:fa:8b:13:b4,0,2231,181,8,7,500,5
13394,XiaomiPOCO F2 Pro,12,90:ca:fa:8b:13:b4,0,2605,700,8,7,500,5
13507,XiaomiPOCO F2 Pro,12,90:ca:fa:8b:13:b4,0,2700,545,8,7,500,5
13630,XiaomiPOCO F2 Pro,12,90:ca:fa:8b:13:b4,0,2290,229,8,7,500,5
13747,XiaomiPOCO F2 Pro,12,90:ca:fa:8b:13:b4,0,2370,548,8,7,500,5
13867,XiaomiPOCO F2 Pro,12,90:ca:fa:8b:13:b4,0,2358,595,8,7,500,5
13986,XiaomiPOCO F2 Pro,12,90:ca:fa:8b:13:b4,0,2473,674,8,7,500,5
14103,XiaomiPOCO F2 Pro,12,90:ca:fa:8b:13:b4,0,2197,548,8,7,500,5
14235,XiaomiPOCO F2 Pro,12,90:ca:fa:8b:13:b4,0,2209,511,8,7,500,5
14352,XiaomiPOCO F2 Pro,12,90:ca:fa:8b:13:b4,0,3032,62,8,7,500,5
14463,XiaomiPOCO F2 Pro,12,90:ca:fa:8b:13:b4,0,2524,697,8,7,500,5
14577,XiaomiPOCO F2 Pro,12,90:ca:fa:8b:13:b4,0,2429,698,8,7,500,5
14702,XiaomiPOCO F2 Pro,12,90:ca:fa:8b:13:b4,0,2307,343,8,7,500,5
14814,XiaomiPOCO F2 Pro,12,90:ca:fa:8b:13:b4,0,1967,169,8,7,500,5
14932,XiaomiPOCO F2 Pro,12,90:ca:fa:8b:13:b4,0,2326,670,8,7,500,5
15051,XiaomiPOCO F2 Pro,12,90:ca:fa:8b:13:b4,0,2195,362,8,7,500,5
15159,XiaomiPOCO F2 Pro,12,90:ca:fa:8b:13:b4,0,2539,680,8,7,500,5
15280,XiaomiPOCO F2 Pro,12,90:ca:fa:8b:13:b4,0,2517,716,8,7,500,5
15396,XiaomiPOCO F2 Pro,12,90:ca:fa:8b:13:b4,0,2202,342,8,7,500,5
15515,XiaomiPOCO F2 Pro,12,90:ca:fa:8b:13:b4,0,2512,630,8,7,500,5
15626,XiaomiPOCO F2 Pro,12,90:ca:fa:8b:13:b4,0,2173,438,8,7,500,5
15734,XiaomiPOCO F2 Pro,12,90:ca:fa:8b:13:b4,0,2688,784,8,7,500,5
15854,XiaomiPOCO F2 Pro,12,90:ca:fa:8b:13:b4,0,2497,633,8,7,500,5
15968,XiaomiPOCO F2 Pro,12,90:ca:fa:8b:13:b4,0,2717,772,8,7,500,5
16089,XiaomiPOCO F2 Pro,12,90:ca:fa:8b:13:b4,0,2343,468,8,7,500,5
16203,XiaomiPOCO F2 Pro,12,90:ca:fa:8b:13:b4,0,2307,639,8,7,500,5
16303,XiaomiPOCO F2 Pro,12,90:ca:fa:8b:13:b4,0,2290,230,8,7,500,5
16418,XiaomiPOCO F2 Pro,12,90:ca:fa:8b:13:b4,0,2358,415,8,7,500,5
16537,XiaomiPOCO F2 Pro,12,90:ca:fa:8b:13:b4,0,2597,712,8,7,500,5
16646,XiaomiPOCO F2 Pro,12,90:ca:fa:8b:13:b4,0,2651,613,8,7,500,5
16755,XiaomiPOCO F2 Pro,12,90:ca:fa:8b:13:b4,0,2427,507,8,7,500,5
16871,XiaomiPOCO F2 Pro,12,90:ca:fa:8b:13:b4,0,2358,18,8,7,500,5
16987,XiaomiPOCO F2 Pro,12,90:ca:fa:8b:13:b4,0,2495,270,8,7,500,5
17104,XiaomiPOCO F2 Pro,12,90:ca:fa:8b:13:b4,0,2334,733,8,7,500,5
17221,XiaomiPOCO F2 Pro,12,90:ca:fa:8b:13:b4,0,2473,641,8,7,500,5
17346,XiaomiPOCO F2 Pro,12,90:ca:fa:8b:13:b4,0,2539,249,8,7,500,5
17455,XiaomiPOCO F2 Pro,12,90:ca:fa:8b:13:b4,0,2641,737,8,7,500,5
17567,XiaomiPOCO F2 Pro,12,90:ca:fa:8b:13:b4,0,2612,685,8,7,500,5
17683,XiaomiPOCO F2 Pro,12,90:ca:fa:8b:13:b4,0,2846,264,8,7,500,5
17807,XiaomiPOCO F2 Pro,12,90:ca:fa:8b:13:b4,0,2195,383,8,7,500,5
17923,XiaomiPOCO F2 Pro,12,90:ca:fa:8b:13:b4,0,2402,765,8,7,500,5
18040,XiaomiPOCO F2 Pro,12,90:ca:fa:8b:13:b4,0,2600,712,8,7,500,5
18161,XiaomiPOCO F2 Pro,12,90:ca:fa:8b:13:b4,0,2590,616,8,7,500,5
18270,XiaomiPOCO F2 Pro,12,90:ca:fa:8b:13:b4,0,2395,498,8,7,500,5
18398,XiaomiPOCO F2 Pro,12,90:ca:fa:8b:13:b4,0,2661,545,8,7,500,5
18509,XiaomiPOCO F2 Pro,12,90:ca:fa:8b:13:b4,0,2571,588,8,7,500,5
18619,XiaomiPOCO F2 Pro,12,90:ca:fa:8b:13:b4,0,2680,466,8,7,500,5
18725,XiaomiPOCO F2 Pro,12,90:ca:fa:8b:13:b4,0,3037,678,8,7,500,5
18848,XiaomiPOCO F2 Pro,12,90:ca:fa:8b:13:b4,0,2519,593,8,7,500,5
18967,XiaomiPOCO F2 Pro,12,90:ca:fa:8b:13:b4,0,2634,591,8,7,500,5
19085,XiaomiPOCO F2 Pro,12,90:ca:fa:8b:13:b4,0,2775,624,8,7,500,5
19215,XiaomiPOCO F2 Pro,12,90:ca:fa:8b:13:b4,0,2531,443,8,7,500,5
19326,XiaomiPOCO F2 Pro,12,90:ca:fa:8b:13:b4,0,2658,132,8,7,500,5
19455,XiaomiPOCO F2 Pro,12,90:ca:fa:8b:13:b4,0,2168,75,8,4,500,5
19600,XiaomiPOCO F2 Pro,12,90:ca:fa:8b:13:b4,0,2563,599,8,7,500,5
19743,XiaomiPOCO F2 Pro,12,90:ca:fa:8b:13:b4,0,2192,107,8,7,500,5
19842,XiaomiPOCO F2 Pro,12,90:ca:fa:8b:13:b4,0,2563,682,8,5,500,5
19933,XiaomiPOCO F2 Pro,12,90:ca:fa:8b:13:b4,0,2094,357,8,7,500,5